45.5606138889,-122.654580556,Sumner Street,11th Avenue
45.5664194444,-122.661402778,Ainsworth Street,Martin Luther
45.4715361111,-122.5739,Rural Street,87th Avenue
45.5122305556,-122.656719444,Hawthorne Boulevard,9th Avenue
45.5120694444,-122.629577778,Hawthorne Boulevard,34th Avenue
45.5520805556,-122.661555556,Shaver Street,Martin Luther
45.5257888889,-122.608847222,Flanders Street,53rd Avenue
45.5399611111,-122.661611111,Sacramento Street,Martin Luther
45.4930888889,-122.618954722,42nd Avenue,Gladstone Street
45.5627305556,-122.650075,Killingsworth Street,15th Avenue
45.5293944444,-122.665983333,Interstate Avenue,Wheeler Avenue
45.5343608333,-122.658586111,Weidler Street,7th Avenue
45.4762388889,-122.723138889,Vermont Street,45th Avenue
45.5307861111,-122.656583333,9th Avenue,Holladay Street
45.4967972222,-122.653644444,Milwaukie Avenue,Lafayette Street
45.5269166667,-122.680233333,9th Avenue,Glisan Street
45.5063277778,-122.6451,20th Avenue,Sherman Street
45.4675361111,-122.741030556,Hunt Club,Canby Street
45.529825,-122.696566667,Lovejoy Street,22nd Avenue
45.5467888889,-122.578761111,82nd Avenue,Klickitat Street
45.5236472222,-122.661747222,Couch Street,Martin Luther
45.5221833333,-122.650561111,Ankeny Street,15th Avenue
45.4675819444,-122.579055556,82nd Avenue,Malden Court
45.4967305556,-122.545627778,Powell Boulevard,115th Avenue
45.4933666667,-122.637613889,Gladstone Street,28th Avenue
45.5824777778,-122.724083333,Lombard Street,Portsmouth Avenue
45.5191058333,-122.687280556,Salmon Street,14th Avenue
45.5188005556,-122.552750278,108th Avenue,Washington Street
45.4961,-122.680688889,Terwilliger Boulevard,Condor Lane
45.5236,-122.645491667,20th Avenue,Couch Street
45.5053083333,-122.611125,Division Street,50th Avenue
45.4600833333,-122.707386111,Barbur Boulevard,30th Avenue
45.4920805556,-122.578777778,82nd Avenue,Boise Street
45.5172788889,-122.558319444,102nd Avenue,Morrison Court
45.5265694444,-122.537744444,122nd Avenue,Glisan Street
45.5351,-122.663672222,Broadway,2nd Avenue
45.5259777778,-122.673483333,3rd Avenue,Flanders Street
45.5264805556,-122.641405556,24th Avenue,Glisan Street
45.5357805556,-122.657580556,Schuyler Street,8th Avenue
45.5280333333,-122.677597222,Irving Street,Broadway
45.5293944444,-122.665983333,Interstate Avenue,Wheeler Avenue
45.5627111111,-122.667994722,Moore Avenue,Killingsworth Street
45.5122055556,-122.651760833,Hawthorne Boulevard,14th Avenue
45.5326861111,-122.696686111,22nd Avenue,Pettygrove Street
45.5864777778,-122.727330556,Houghton Street,Geneva Avenue
45.5427611111,-122.537463889,Stanton Street,122nd Avenue
45.5192994444,-122.623005556,Stark Street,Cesar E
45.5310694444,-122.64945,16th Drive,Multnomah Street
45.5677444444,-122.531941667,122nd Avenue,Drive Trail
45.5806583333,-122.729077778,Monteith Avenue,Syracuse Street
45.5190494444,-122.558997222,Stark Street,102nd Avenue
45.4933388889,-122.622636111,Cesar E,Gladstone Street
45.5143805556,-122.658694444,Salmon Street,7th Avenue
45.5228805556,-122.645611111,Burnside Street,20th Avenue
45.4909972222,-122.626030556,Mall Street,36th Place
45.5080277778,-122.609986111,Lincoln Street,52nd Avenue
45.4908805556,-122.678483333,Barbur Boulevard,Hamilton Street
45.5033666667,-122.620425,Clinton Street,41st Avenue
45.4903361111,-122.651155278,Milwaukie Avenue,Holgate Boulevard
45.4990277778,-122.681844444,Trail,Connector
45.4611222222,-122.704491667,26th Way,Barbur Court
45.5229194444,-122.653605556,Burnside Street,12th Avenue
45.5053722222,-122.593697222,Division Street,68th Avenue
45.4974305556,-122.583887778,Powell Boulevard,77th Avenue
45.4537361111,-122.682058333,2nd Avenue,Terwilliger Boulevard
45.4638777778,-122.680186111,Taylors Ferry,2nd Avenue
45.5351691667,-122.6367,28th Avenue,Broadway
45.4950916667,-122.677394444,Water Avenue,Abernethy Street
45.5071611111,-122.684250833,Broadway,6th Avenue
45.5429611111,-122.658586111,7th Avenue,Knott Street
45.5139888889,-122.675638889,1st Avenue,Jefferson Street
45.5266666667,-122.674525,Glisan Street,4th Avenue
45.5409305556,-122.664141667,Russell Street,Rodney Avenue
45.4973805556,-122.568480278,Powell Boulevard,92nd Avenue
45.5041888889,-122.656752778,9th Avenue,Division Place
45.5827777778,-122.682744444,Interstate Avenue,Interstate Place
45.5221388889,-122.637275,Ankeny Street,28th Avenue
45.5699027778,-122.6854,Rosa Parks,Fenwick Avenue
45.51575,-122.630944444,33rd Avenue,Yamhill Street
45.5279472222,-122.653555556,Irving Street,12th Avenue
45.5231305556,-122.616163889,45th Avenue,Burnside Street
45.5236305556,-122.6536,Couch Street,12th Avenue
45.4736166667,-122.723147222,45th Avenue,Nevada Street
45.5263305556,-122.564280556,Glisan Street,205 Corridor
45.5139666667,-122.537691667,122nd Avenue,Main Street
45.5044555556,-122.567649722,Division Street,Corridor
45.4980527778,-122.510622222,148th Avenue,Powell Boulevard
45.5237583333,-122.677461111,Couch Street,Broadway
45.5221805556,-122.645494444,Ankeny Street,20th Avenue
45.4974444444,-122.594794444,Powell Boulevard,67th Avenue
45.5369,-122.699811111,23rd Place,Vaughn Street
45.5121888889,-122.645561111,20th Avenue,Hawthorne Boulevard
45.5122194444,-122.654691667,Hawthorne Boulevard,11th Avenue
45.5230472222,-122.677411111,Broadway,Burnside Street
45.5221388889,-122.637275,Ankeny Street,28th Avenue
45.5231083333,-122.674394444,4th Avenue,Burnside Street
45.488925,-122.595072222,Foster Road,66th Avenue
45.474075,-122.579055556,Glenwood Street,82nd Avenue
45.5200194444,-122.691469444,Salmon Street,18th Avenue
45.4975138889,-122.611752778,Powell Boulevard,50th Avenue
45.5150888889,-122.659741667,Taylor Street,6th Avenue
45.5586583333,-122.563166667,Sandy Boulevard,Transit Center
45.5222,-122.653611111,Ankeny Street,12th Avenue
45.4857855556,-122.578888889,82nd Avenue,Raymond Court
45.5191388889,-122.513272222,Stark Street,146th Avenue
45.5122138889,-122.654488889,Hawthorne Boulevard,11th Avenue
45.5209166667,-122.674088889,Oak Street,3rd Avenue
45.5490277778,-122.504086111,Milton Street,154th Avenue
45.5213111111,-122.698202778,Park Place,Vista Avenue
45.5190305556,-122.537777778,Stark Street,122nd Avenue
45.5299527778,-122.689677778,Lovejoy Street,18th Avenue
45.5533305556,-122.661544444,Martin Luther,Mason Street
45.5279111111,-122.645455556,Irving Street,20th Avenue
45.5351008333,-122.665697222,Broadway,Victoria Avenue
45.5143805556,-122.660761111,Salmon Street,Grand Avenue
45.5350497222,-122.650474167,Broadway,15th Avenue
45.5190208333,-122.538269444,Stark Street,122nd Avenue
45.5891916667,-122.751624167,Lombard Street,Charleston Avenue
45.4928388889,-122.574780556,Bush Street,86th Avenue
45.5664444444,-122.661116667,Ainsworth Street,Martin Luther
45.4429722222,-122.738583333,60th Avenue,Capitol Highway
45.54285,-122.666663889,Williams Avenue,Graham Street
45.5348869444,-122.668809167,Broadway,Wheeler Avenue
45.5122472222,-122.660769444,Hawthorne Boulevard,Grand Avenue
45.5126277778,-122.578711111,Madison Street,82nd Avenue
45.4896777778,-122.542,Holgate Boulevard,118th Avenue
45.5343611111,-122.662663889,Weidler Street,3rd Avenue
45.5262277778,-122.698475,Glisan Street,23rd Avenue
45.5270472222,-122.677583333,Broadway,Hoyt Street
45.4935,-122.609016667,52nd Avenue,Gladstone Street
45.5263222222,-122.535399722,Glisan Street,125th Avenue
45.5183255556,-122.55535,Washington Street,105th Avenue
45.5250138889,-122.637216667,Everett Street,28th Avenue
45.481025,-122.57265,Foster Road,88th Avenue
45.5266166667,-122.677566667,Glisan Street,Broadway
45.5115194444,-122.656722222,Clay Street,9th Avenue
45.5048,-122.622641667,Cesar E,Division Street
45.4956805556,-122.591180556,Rhone Street,70th Avenue
45.5288,-122.665763889,Interstate Avenue,Oregon Street
45.5230472222,-122.677411111,Broadway,Burnside Street
45.5833958333,-122.684813889,Interstate Avenue,Fenwick Avenue
45.5718777778,-122.636566667,Dekum Street,29th Avenue
45.5231194444,-122.597127778,65th Avenue,Burnside Street
45.5320944444,-122.689547222,Overton Street,18th Avenue
45.4978694444,-122.671833333,Moody Avenue,Curry Street
45.5083416667,-122.649875,Ladd Circle,Elliott Avenue
45.5760611111,-122.566208333,Mount Hood,Cascades Parkway
45.6029111111,-122.675963889,Marine Drive,Anchor Way
45.5170611111,-122.4965,162nd Avenue,Alder Street
45.5591888889,-122.558569444,Sandy Boulevard,101st Avenue
45.5350666667,-122.660619444,Grand Avenue,Broadway
45.5178744444,-122.677013889,Yamhill Street,4th Avenue
45.5627055556,-122.670122222,Killingsworth Street,Haight Avenue
45.5696777778,-122.668871667,Vancouver Avenue,Rosa Parks
45.5588638889,-122.554711111,Sandy Boulevard,105th Avenue
45.53436,-122.668669444,Weidler Street,Flint Avenue
45.51295,-122.658702778,7th Avenue,Madison Street
45.5428277778,-122.6681275,Vancouver Avenue,Graham Street
45.5165111111,-122.657705556,8th Avenue,Belmont Street
45.527925,-122.649502778,Irving Street,16th Avenue
45.5151,-122.661811111,Martin Luther,Taylor Street
45.498775,-122.681386111,Trail,Connector
45.4815805556,-122.707744444,Beaverton Hillsdale,Dosch Road
45.5591305556,-122.660463889,Grand Avenue,Alberta Street
45.5150777778,-122.496505556,Salmon Street,162nd Avenue
45.5390972222,-122.6367,28th Avenue,Thompson Street
45.4974416667,-122.620758333,Powell Boulevard,40th Avenue
45.4795194444,-122.589291667,Woodstock Boulevard,72nd Avenue
45.52365,-122.6607,Couch Street,Grand Avenue
45.5335194444,-122.553536111,Halsey Street,106th Avenue
45.5215111111,-122.660713889,Ash Street,Grand Avenue
45.4796111111,-122.586722222,Woodstock Boulevard,74th Avenue
45.5751083333,-122.709019444,Willamette Boulevard,Hurst Avenue
45.5428277778,-122.6681275,Vancouver Avenue,Graham Street
45.5213111111,-122.698202778,Park Place,Vista Avenue
45.5893555556,-122.748619444,Lombard Street,Oswego Avenue
45.5045888889,-122.574869444,Division Street,85th Avenue
45.5293944444,-122.665983333,Interstate Avenue,Wheeler Avenue
45.5328416667,-122.679755556,Naito Parkway,9th Avenue
45.5315111111,-122.658622222,Multnomah Street,7th Avenue
45.4961083333,-122.680677778,Terwilliger Boulevard,Condor Lane
45.5695861111,-122.650050833,15th Avenue,Portland Boulevard
45.4637472222,-122.647038889,17th Avenue,Tenino Street
45.5121861111,-122.646830556,Hawthorne Boulevard,Poplar Avenue
45.5122472222,-122.660769444,Hawthorne Boulevard,Grand Avenue
45.5232138889,-122.694280556,Burnside Street,21st Avenue
45.4900027778,-122.567038889,Holgate Boulevard,Corridor
45.5337694444,-122.638144444,Halsey Street,27th Avenue
45.4991361111,-122.68755,Sam Jackson,United States
45.5230222222,-122.678436111,Burnside Street,8th Avenue
45.5225083333,-122.670244444,Naito Parkway,Ankeny Street
45.4466305556,-122.687119444,Boones Ferry,Arnold Street
45.5149277778,-122.677327778,Madison Street,3rd Avenue
45.5334661111,-122.548627778,111th Avenue,Halsey Street
45.5164805556,-122.649588889,Belmont Street,16th Avenue
45.5307944444,-122.661438889,Hassalo Street,Martin Luther
45.5365166667,-122.619922222,42nd Avenue,Hancock Street
45.4791638889,-122.607127778,Woodstock Boulevard,54th Avenue
45.5183244444,-122.561916667,Washington Street,96th Avenue
45.5312166667,-122.662675,Multnomah Street,3rd Avenue
45.5179,-122.645541667,20th Avenue,Alder Street
45.5352691667,-122.62195,Sandy Boulevard,40th Avenue
45.5348869444,-122.668809167,Broadway,Wheeler Avenue
45.5444888889,-122.537416667,122nd Avenue,Siskiyou Street
45.4975027778,-122.611144444,Powell Boulevard,Foster Road
45.5167583333,-122.601600278,Belmont Street,61st Avenue
45.5482666667,-122.661908333,Fremont Street,Martin Luther
45.5343530556,-122.659088889,Weidler Street,7th Avenue
45.5377805556,-122.621952778,Tillamook Street,40th Avenue
45.5193425,-122.653616667,Stark Street,12th Avenue
45.5149277778,-122.677327778,Madison Street,3rd Avenue
45.5467666667,-122.667960278,Cook Street,Vancouver Avenue
45.5124638889,-122.667899167,Freeway,Bridge
45.5262777778,-122.615,47th Avenue,Glisan Street
45.5168713889,-122.676072222,Taylor Street,3rd Avenue
45.5771305556,-122.6975,Lombard Street,Villard Avenue
45.5469111111,-122.667959444,Vancouver Avenue,Cook Street
45.526675,-122.623338889,Cesar E,Glisan Street
45.4852888889,-122.572269444,88th Avenue,Steele Street
45.5256138889,-122.646305556,Sandy Boulevard,19th Avenue
45.5048138889,-122.645627778,20th Avenue,Division Street
45.5222611111,-122.515788889,Burnside Street,143rd Avenue
45.5053805556,-122.583688611,77th Avenue,Division Street
45.5149277778,-122.677327778,Madison Street,3rd Avenue
45.5545861111,-122.666752778,Williams Avenue,Skidmore Street
45.53085,-122.632811111,31st Avenue,Sandy Boulevard
45.5041944444,-122.548,Division Street,112th Avenue
45.5467805556,-122.667960278,Cook Street,Vancouver Avenue
45.5184883333,-122.694727778,Jefferson Street,20th Avenue
45.5137583333,-122.684348611,Market Street,Park Avenue
45.4787666667,-122.564758333,Foster Road,96th Avenue
45.52365,-122.6607,Couch Street,Grand Avenue
45.4722805556,-122.579061111,82nd Avenue,Bybee Boulevard
45.4832305556,-122.537952778,122nd Avenue,Harold Street
45.50405,-122.528188889,Division Street,131st Avenue
45.5143305556,-122.645558333,Salmon Street,20th Avenue
45.512225,-122.658,Hawthorne Boulevard,8th Avenue
45.5662694444,-122.650033611,15th Avenue,Ainsworth Street
45.5014222222,-122.578677778,82nd Avenue,Woodward Street
45.5590194444,-122.675,Albina Avenue,Alberta Street
45.4845694444,-122.583488889,Foster Road,78th Avenue
45.51802,-122.680338889,Broadway,Taylor Street
45.5735694444,-122.696525,Bryant Street,Atlantic Avenue
45.4897527778,-122.549036111,111th Avenue,Holgate Boulevard
45.4761472222,-122.702399444,Vermont Street,Capitol Highway
45.4879666667,-122.578838889,Schiller Street,82nd Avenue
45.4903361111,-122.651155278,Milwaukie Avenue,Holgate Boulevard
45.5121305556,-122.67545,Clay Street,Naito Parkway
45.5428277778,-122.6681275,Vancouver Avenue,Graham Street
45.5453583333,-122.666652778,Monroe Street,Williams Avenue
45.5682888889,-122.657333333,8th Avenue,Holman Street
45.5348869444,-122.668809167,Broadway,Wheeler Avenue
45.5229083333,-122.653088889,Burnside Street,Sandy Boulevard
45.5043861111,-122.562438889,Division Street,98th Avenue
45.5480611111,-122.537341667,122nd Avenue,Fremont Street
45.5221611111,-122.641438889,24th Avenue,Ankeny Street
45.5046472222,-122.576675,Division Street,84th Avenue
45.5231277778,-122.673366667,3rd Avenue,Burnside Street
45.5008666667,-122.680919444,Woods Street,Barbur Boulevard
45.5022861111,-122.681719444,Hooker Street,Barbur Boulevard
45.4656833333,-122.748230556,69th Avenue,Garden Home
45.4931777778,-122.603658333,Gladstone Street,Foster Road
45.4702555556,-122.579047222,82nd Avenue,Knapp Street
45.6101583333,-122.795608333,Saint Helens,Marina Way
45.5351,-122.666745556,Broadway,Williams Avenue
45.5040777778,-122.534361111,Division Street,125th Avenue
45.4862,-122.676763889,Corbett Avenue,Richardson Court
45.5772222222,-122.677497222,Lombard Street,Freeway
45.524525,-122.674436111,Davis Street,4th Avenue
45.4830472222,-122.597177778,Harold Street,65th Avenue
45.4759472222,-122.723138889,45th Avenue,Vermont Street
45.5122138889,-122.654980556,Hawthorne Boulevard,11th Avenue
45.5140194444,-122.682511111,Clay Street,Broadway
45.5120777778,-122.640308333,Hawthorne Boulevard,25th Avenue
45.5053388889,-122.581880556,79th Avenue,Division Street
45.5350972222,-122.664680556,Broadway,1st Avenue
45.5447805556,-122.677588889,Interstate Avenue,Greeley Avenue
45.5250972222,-122.615013889,47th Avenue,Everett Street
45.5193105556,-122.634819444,Stark Street,30th Avenue
45.5062472222,-122.650360833,Orange Avenue,Birch Street
45.5206611111,-122.673102778,Oak Street,2nd Avenue
45.478325,-122.695616667,Capitol Highway,Beaverton Hillsdale
45.5006002778,-122.684001667,Sam Jackson,Campus Drive
45.5348866667,-122.66881,Broadway,Wheeler Avenue
45.5453472222,-122.661608333,Martin Luther,Monroe Street
45.5143222222,-122.64555,20th Avenue,Salmon Street
45.4782444444,-122.594461111,Carlton Street,67th Avenue
45.46865,-122.610005556,52nd Avenue,Flavel Street
45.5664361111,-122.606583333,Ainsworth Street,55th Avenue
45.5263472222,-122.568638889,Glisan Street,92nd Avenue
45.5374805556,-122.656555556,9th Avenue,Tillamook Street
45.5582694444,-122.6204,Alberta Court,42nd Avenue
45.5350952778,-122.666636111,Broadway,Williams Avenue
45.5193305556,-122.645525,20th Avenue,Stark Street
45.5197166667,-122.537758333,122nd Avenue,Oak Street
45.4856252778,-122.586630556,Foster Road,74th Avenue
45.46025,-122.686991667,Primrose Street,8th Avenue
45.537775,-122.623980556,Tillamook Street,38th Avenue
45.5185738889,-122.637083333,Washington Street,28th Avenue
45.5864166667,-122.752726667,Willamette Boulevard,Richmond Avenue
45.5122305556,-122.659369444,Hawthorne Boulevard,6th Avenue
45.5207388889,-122.645502778,Pine Street,20th Avenue
45.5053777778,-122.585255,Division Street,76th Avenue
45.5351619444,-122.634994444,Broadway,30th Avenue
45.5437777778,-122.666655556,Stanton Street,Williams Avenue
45.5122138889,-122.654691667,11th Avenue,Hawthorne Boulevard
45.5019388889,-122.678705556,1st Avenue,Hooker Street
45.5663111111,-122.68406,Ainsworth Street,Concord Avenue
45.5338005556,-122.620319444,Halsey Street,42nd Avenue
45.4979444444,-122.639616667,Powell Boulevard,26th Avenue
45.5164972222,-122.658672222,7th Avenue,Belmont Street
45.4712194444,-122.681197222,Barbur Boulevard,Miles Street
45.5584555556,-122.563686111,Sandy Boulevard,96th Avenue
45.5228694444,-122.599591667,Burnside Street,62nd Avenue
45.5912666667,-122.750651667,Central Street,Charleston Avenue
45.5335925,-122.644836111,21st Avenue,Halsey Street
45.6124166667,-122.704766667,Portland Road,Suttle Road
45.5687791667,-122.600551667,Columbia Boulevard,60th Avenue
45.5124666667,-122.667911111,Freeway,Bridge
45.4761416667,-122.702410556,Vermont Street,Capitol Highway
45.5627361111,-122.661036111,Killingsworth Street,Martin Luther
45.5260361111,-122.677547222,Broadway,Flanders Street
45.5330333333,-122.666742778,Wheeler Avenue,Wheeler Avenue
45.498,-122.639616667,26th Avenue,Powell Boulevard
45.534885,-122.668813056,Broadway,Wheeler Avenue
45.5771416667,-122.681322222,Lombard Street,Interstate Avenue
45.5081055556,-122.677377778,Naito Parkway,Hall Street
45.5227833333,-122.57945,Burnside Street,82nd Avenue
45.514925,-122.677330556,Madison Street,3rd Avenue
45.4913444444,-122.677875,Barbur Boulevard,View Point
45.5717861111,-122.661358333,Dekum Street,Martin Luther
45.5138611111,-122.679086111,Columbia Street,4th Avenue
45.5226388889,-122.558288889,102nd Avenue,102nd Avenue
45.5011583333,-122.654213889,Milwaukie Avenue,Powell Boulevard
45.5042972222,-122.520955556,139th Avenue,Division Street
45.5157361111,-122.629558333,Yamhill Street,34th Avenue
45.5143416667,-122.651634444,Salmon Street,14th Avenue
45.5014222222,-122.578677778,82nd Avenue,Woodward Street
45.5482722222,-122.661586111,Fremont Street,Martin Luther
45.5627361111,-122.65795,Killingsworth Street,8th Avenue
45.5246,-122.670183333,Davis Street,Naito Parkway
45.5084916667,-122.645111111,20th Avenue,Harrison Street
45.5231,-122.674266667,4th Avenue,Burnside Street
45.5343702778,-122.665716667,Weidler Street,Victoria Avenue
45.5692608333,-122.682036111,Interstate Avenue,Highland Street
45.4762555556,-122.696691667,Bertha Boulevard,Bertha Court
45.5266277778,-122.676547222,Glisan Street,6th Avenue
45.5155583333,-122.676963889,Main Street,3rd Avenue
45.4800277778,-122.702506389,Beaverton Hillsdale,25th Avenue
45.4933305556,-122.622636111,Gladstone Street,Cesar E
45.5262777778,-122.677555556,Broadway,Glisan Street
45.5410222222,-122.666678611,Williams Avenue,Russell Street
45.5330527778,-122.6677725,Winning Way,Center Court
45.4674569444,-122.722769444,Multnomah Boulevard,45th Avenue
45.514925,-122.677330556,Madison Street,3rd Avenue
45.5222083333,-122.657666667,Ankeny Street,8th Avenue
45.5349622222,-122.687641667,16th Avenue,Savier Street
45.5765916667,-122.730361111,Willamette Boulevard,Van Houten
45.5632027778,-122.510247222,Marine Drive,148th Avenue
45.5053722222,-122.593911111,Division Street,68th Avenue
45.567745,-122.531941667,122nd Avenue,Drive Trail
45.4785611111,-122.69425,Capitol Highway,Sunset Boulevard
45.5316,-122.579027778,82nd Avenue,Multnomah Street
45.5377694444,-122.611930556,Tillamook Street,50th Avenue
45.5482,-122.586936111,Fremont Street,74th Avenue
45.5591027778,-122.666794167,Alberta Street,Williams Avenue
45.5123194444,-122.620172222,41st Avenue,Hawthorne Boulevard
45.5350666667,-122.660627778,Grand Avenue,Broadway
45.5626972222,-122.687466667,Denver Avenue,Killingsworth Street
45.5351597222,-122.6367,Broadway,28th Avenue
45.5590888889,-122.668275833,Alberta Street,Vancouver Avenue
45.5033777778,-122.640422222,Clinton Street,25th Avenue
45.5699166667,-122.677677778,Rosa Parks,Missouri Avenue
45.5048694444,-122.659416667,Division Place,6th Avenue
45.5143722222,-122.660761111,Salmon Street,Grand Avenue
45.5300527778,-122.658630556,7th Avenue,Holladay Street
45.544625,-122.661616667,Martin Luther,Morris Street
45.5467805556,-122.666661111,Cook Street,Williams Avenue
45.5428194444,-122.6681275,Vancouver Avenue,Graham Street
45.5226416667,-122.558677778,102nd Avenue,102nd Avenue
45.5048666667,-122.548008333,112th Avenue,Division Street
45.5154111111,-122.676352778,Main Street,2nd Avenue
45.5193105556,-122.634825833,Stark Street,30th Avenue
45.5249805556,-122.623011111,Davis Street,Cesar E
45.5336447222,-122.660638889,Halsey Street,Grand Avenue
45.4902944444,-122.640563889,Holgate Boulevard,25th Avenue
45.5578194444,-122.703033333,Anchor Street,Lagoon Avenue
45.5648805556,-122.531586111,Airport Way,122nd Avenue
45.5314972222,-122.658622222,Multnomah Street,7th Avenue
45.5040555556,-122.529944444,Division Street,130th Avenue
45.5222,-122.655638889,Ankeny Street,10th Avenue
45.5548083333,-122.682288889,Interstate Avenue,Skidmore Street
45.5135888889,-122.623311111,Main Street,Cesar E
45.5052833333,-122.616141667,Division Street,45th Avenue
45.4818111111,-122.578966667,82nd Avenue,Reedway Street
45.5333497222,-122.656580556,9th Avenue,Halsey Street
45.5772222222,-122.677497222,Lombard Street,Freeway
45.5291111111,-122.696552778,22nd Avenue,Kearney Street
45.5275944444,-122.65845,Lloyd Boulevard,7th Avenue
45.5545805556,-122.6657,Skidmore Street,Cleveland Avenue
45.4559388889,-122.715066667,Taylors Ferry,Plum Street
45.4917388889,-122.4846875,174th Avenue,Powell Boulevard
45.4862055556,-122.648336111,McLoughlin Boulevard,17th Avenue
45.5229055556,-122.685291667,Burnside Street,14th Avenue
45.5866972222,-122.737394444,Lombard Street,Heppner Avenue
45.5236194444,-122.6536,Couch Street,12th Avenue
45.5122055556,-122.652019444,Hawthorne Boulevard,Maple Avenue
45.5250583333,-122.684224722,Everett Street,13th Avenue
45.4760694444,-122.703488889,Capitol Highway,26th Avenue
45.5190494444,-122.557625,Stark Street,103rd Drive
45.5227833333,-122.579519444,Burnside Street,82nd Avenue
45.5338191667,-122.622261111,Halsey Street,40th Avenue
45.5426416667,-122.578841667,82nd Avenue,Russell Street
45.4940222222,-122.693138889,13th Avenue,Gaines Street
45.5903444444,-122.755644444,Alta Avenue,Ivanhoe Street
45.525725,-122.637213889,Flanders Street,28th Avenue
45.5361194444,-122.619911111,Sandy Boulevard,42nd Avenue
45.5104388889,-122.651618333,Palm Street,Maple Avenue
45.5053,-122.611122222,Division Street,50th Avenue
45.5250083333,-122.687269444,Everett Street,16th Avenue
45.5507869444,-122.667972778,Failing Street,Vancouver Avenue
45.5221888889,-122.651585556,Ankeny Street,14th Avenue
45.5361194444,-122.619911111,Sandy Boulevard,42nd Avenue
45.5053805556,-122.5837,77th Avenue,Division Street
45.520725,-122.6373,Pine Street,28th Avenue
45.5350811111,-122.661641667,Broadway,Martin Luther
45.5591222222,-122.6615,Alberta Street,Martin Luther
45.4963722222,-122.7043,Beaverton Avenue,Hillsboro Street
45.5043722222,-122.563238889,Division Street,96th Drive
45.4933555556,-122.634656944,Gladstone Street,30th Avenue
45.5533138889,-122.670108333,Mason Street,Haight Avenue
45.5627333333,-122.661430556,Killingsworth Street,Martin Luther
45.5165222222,-122.66075,Grand Avenue,Bridge
45.5368416667,-122.702891667,Vaughn Street,25th Avenue
45.5150805556,-122.658688889,Taylor Street,7th Avenue
45.5387194444,-122.578930556,Thompson Street,82nd Avenue
45.5135138889,-122.696797222,Vista Avenue,Carter Lane
45.50715,-122.684251667,Broadway,6th Avenue
45.5091944444,-122.681608333,4th Avenue,College Street
45.5043305556,-122.559561111,Division Street,101st Avenue
45.4815722222,-122.707744444,Beaverton Hillsdale,30th Avenue
45.5545833333,-122.672297222,Skidmore Street,Kerby Avenue
45.5054833333,-122.622636111,Caruthers Street,Cesar E
45.4822444444,-122.574877778,Ellis Street,86th Avenue
45.5264305556,-122.687294444,Glisan Street,16th Avenue
45.5190936111,-122.733717222,Burnside Road,Skyline Boulevard
45.5351597222,-122.6367,Broadway,28th Avenue
45.527925,-122.649502778,Irving Street,16th Avenue
45.48115,-122.683191667,Terwilliger Boulevard,Cheltenham Street
45.5409222222,-122.664141667,Russell Street,Rodney Avenue
45.5760388889,-122.728866667,Portsmouth Avenue,Willamette Boulevard
45.5947944444,-122.740813889,Fessenden Street,Tioga Avenue
45.5236444444,-122.6607,Couch Street,Grand Avenue
45.50715,-122.684251667,Broadway,6th Avenue
45.5053444444,-122.700981944,Edgewood Road,Broadway Drive
45.5482333333,-122.639075,Fremont Street,26th Avenue
45.5681797222,-122.550176111,205 Corridor,Bikepath Access
45.5351619444,-122.634994444,Broadway,30th Avenue
45.5231055556,-122.590891667,Burnside Street,70th Avenue
45.4838161111,-122.578933333,82nd Avenue,Insley Street
45.5019505556,-122.639647222,Woodward Street,26th Avenue
45.5718694444,-122.642416667,Dekum Street,23rd Avenue
45.4897527778,-122.549038889,111th Avenue,Holgate Boulevard
45.5985972222,-122.743688889,Bank Street,Mohawk Avenue
45.4789777778,-122.53215,128th Avenue,Yukon Court
45.5048555556,-122.654741667,Division Street,11th Avenue
45.5093638889,-122.685059167,Jackson Street,Broadway
45.5496055556,-122.680991667,Overlook Boulevard,Interstate Avenue
45.5122138889,-122.654691667,11th Avenue,Hawthorne Boulevard
45.5215888889,-122.673755556,Pine Street,3rd Avenue
45.4826222222,-122.555708333,Harold Street,104th Avenue
45.5384166667,-122.614797222,Sandy Boulevard,47th Avenue
45.5193119444,-122.635990556,Stark Street,29th Avenue
45.5150222222,-122.626830556,Taylor Street,36th Avenue
45.4903,-122.637602778,Holgate Boulevard,28th Avenue
45.5682433333,-122.630652778,Holman Street,33rd Avenue
45.5172236111,-122.659727778,6th Avenue,Morrison Street
45.511925,-122.611594444,Hawthorne Boulevard,50th Avenue
45.5507869444,-122.667972778,Failing Street,Vancouver Avenue
45.4933666667,-122.642677778,Gladstone Street,22nd Avenue
45.529275,-122.645447222,Pacific Street,20th Avenue
45.5122138889,-122.654691667,11th Avenue,Hawthorne Boulevard
45.51868,-122.679980556,Broadway,Yamhill Street
45.5350944444,-122.666745833,Williams Avenue,Broadway
45.5040777778,-122.484660278,174th Avenue,Division Street
45.5343361111,-122.651910833,Weidler Street,14th Avenue
45.4674366667,-122.717188889,Multnomah Boulevard,40th Avenue
45.5048472222,-122.496625,162nd Avenue,Division Street
45.4741666667,-122.641513889,Bybee Boulevard,23rd Avenue
45.5269694444,-122.653572222,12th Avenue,Glisan Street
45.5791472222,-122.6928,Farragut Street,Delaware Avenue
45.5236444444,-122.6607,Couch Street,Grand Avenue
45.5287222222,-122.677247222,Station Way,Broadway
45.5482666667,-122.658588889,Fremont Street,7th Avenue
45.51095,-122.563497222,Market Street,96th Avenue
45.5453555556,-122.667968056,Monroe Street,Vancouver Avenue
45.5312138889,-122.698661111,Northrup Street,23rd Avenue
45.4912611111,-122.677783333,Barbur Boulevard,View Point
45.5482722222,-122.661586111,Fremont Street,Martin Luther
45.517215,-122.657111111,Morrison Street,9th Avenue
45.5251805556,-122.677513889,Everett Street,Broadway
45.4974083333,-122.57915,Powell Boulevard,82nd Avenue
45.4900222222,-122.5688,Holgate Boulevard,92nd Avenue
45.5771305556,-122.6975,Lombard Street,Villard Avenue
45.5663194444,-122.682183333,Ainsworth Street,Interstate Avenue
45.5183216667,-122.562308333,Washington Street,96th Avenue
45.5626861111,-122.672938889,Killingsworth Street,Kerby Avenue
45.5255416667,-122.646488889,19th Avenue,Sandy Boulevard
45.5171441667,-122.64555,Morrison Street,20th Avenue
45.5125194444,-122.679786111,Market Street,4th Avenue
45.5464194444,-122.682619444,Greeley Avenue,Boulevard Trail
45.5236444444,-122.6607,Couch Street,Grand Avenue
45.5164472222,-122.627988889,Belmont Street,35th Avenue
45.5339383333,-122.670394444,Benton Avenue,Broadway
45.5292083333,-122.653816667,Lloyd Boulevard,16th Drive
45.5192766667,-122.615005556,Stark Street,47th Avenue
45.5164916667,-122.654661111,11th Avenue,Belmont Street
45.5048555556,-122.654741667,Division Street,11th Avenue
45.5699111111,-122.686344444,Rosa Parks,Campbell Avenue
45.5046416667,-122.576680556,Division Street,84th Avenue
45.5717805556,-122.659347222,Dekum Street,6th Avenue
45.5130305556,-122.681875,6th Avenue,Market Street
45.5280333333,-122.677608333,Irving Street,Broadway
45.5911277778,-122.755819444,Lombard Street,Baltimore Avenue
45.53275,-122.679597222,Naito Parkway,Greenway Trail
45.5033611111,-122.620425,Clinton Street,41st Avenue
45.4765333333,-122.556061111,Foster Road,Corridor
45.5343505556,-122.658380556,Weidler Street,7th Avenue
45.5293861111,-122.665997222,Interstate Avenue,Wheeler Avenue
45.5567027778,-122.626608333,Going Street,36th Avenue
45.5231222222,-122.673366667,3rd Avenue,Burnside Street
45.5626638889,-122.679102778,Killingsworth Street,Minnesota Avenue
45.5242666667,-122.623005556,Couch Street,Cesar E
45.5121222222,-122.675452778,Clay Street,Naito Parkway
45.5564027778,-122.662611111,Going Street,Garfield Avenue
45.5591194444,-122.606983333,Alberta Street,55th Avenue
45.5231333333,-122.672363889,2nd Avenue,Burnside Street
45.5245611111,-122.672416667,Davis Street,2nd Avenue
45.4933666667,-122.642797222,Gladstone Street,22nd Avenue
45.5143638889,-122.657719444,Salmon Street,8th Avenue
45.5664083333,-122.661402778,Martin Luther,Ainsworth Street
45.4835358333,-122.578936111,82nd Avenue,Insley Street
45.4761611111,-122.715997222,Vermont Street,Idaho Terrace
45.5124611111,-122.645561111,20th Avenue,Hawthorne Boulevard
45.4920805556,-122.577630556,82nd Avenue,Boise Street
45.4799083333,-122.615438889,46th Avenue,Knight Street
45.5300527778,-122.658630556,7th Avenue,Holladay Street
45.5083527778,-122.634723333,Lincoln Street,30th Avenue
45.49475,-122.618924167,Francis Street,42nd Avenue
45.4967472222,-122.545413889,Powell Boulevard,115th Avenue
45.5350319444,-122.648452778,17th Avenue,Broadway
45.5205805556,-122.693594444,Salmon Street,20th Avenue
45.5480472222,-122.537341667,Fremont Street,122nd Avenue
45.4761416667,-122.702410556,Vermont Street,Capitol Highway
45.5120583333,-122.629577778,Hawthorne Boulevard,34th Avenue
45.4618083333,-122.684930556,7th Avenue,Dolph Street
45.5043722222,-122.563238889,Division Street,96th Drive
45.496425,-122.670863889,Bond Avenue,Gaines Street
45.5771861111,-122.680180556,Lombard Street,Montana Avenue
45.52295,-122.681605556,Burnside Street,Oak Street
45.5047916667,-122.629563889,Division Street,34th Avenue
45.5334855556,-122.671194444,Larrabee Avenue,Broadway
45.5080611111,-122.622711111,Lincoln Street,Cesar E
45.5025652778,-122.578680556,82nd Avenue,Taggart Street
45.5040888889,-122.639652778,26th Avenue,Ivon Street
45.5763944444,-122.650703611,Lombard Street,Stafford Street
45.4815944444,-122.574847222,86th Avenue,Foster Road
45.4897527778,-122.549038889,111th Avenue,Holgate Boulevard
45.5161305556,-122.573011111,Yamhill Street,88th Avenue
45.5251138889,-122.681180556,Everett Street,10th Avenue
45.5762666667,-122.650073611,Lombard Street,15th Avenue
45.5019338889,-122.622608333,Woodward Street,Cesar E
45.514925,-122.677330556,Madison Street,3rd Avenue
45.5034833333,-122.649683333,Clinton Street,16th Avenue
45.5083527778,-122.634723333,Lincoln Street,30th Avenue
45.5227972222,-122.581463889,80th Avenue,Burnside Street
45.5014733333,-122.655783333,Powell Boulevard,10th Avenue
45.5364583333,-122.649458333,Hancock Street,16th Avenue
45.5895277778,-122.680830556,Schmeer Road,Whitaker Road
45.4964333333,-122.549483333,Powell Boulevard,111th Avenue
45.5157277778,-122.624433333,Yamhill Street,38th Avenue
45.5069111111,-122.673355556,Moody Avenue,River Parkway
45.5206611111,-122.6754,4th Avenue,Stark Street
45.562725,-122.629436111,Killingsworth Street,34th Avenue
45.5270861111,-122.690388889,Hoyt Street,19th Avenue
45.5235527778,-122.688222222,Couch Street,17th Avenue
45.5428194444,-122.6681275,Vancouver Avenue,Graham Street
45.537775,-122.618909722,Tillamook Street,43rd Avenue
45.5699333333,-122.699838889,Rosa Parks,Willamette Boulevard
45.5419138889,-122.668128889,Vancouver Avenue,Knott Street
45.50425,-122.554630556,Division Street,105th Avenue
45.523575,-122.686772222,Couch Street,15th Avenue
45.5545833333,-122.662633333,Skidmore Street,Garfield Avenue
45.5229166667,-122.656530556,Burnside Street,9th Avenue
45.5893027778,-122.7505475,Richmond Avenue,Lombard Street
45.5735861111,-122.703491667,Willamette Boulevard,Bryant Street
45.5327138889,-122.628163889,Sandy Boulevard,35th Avenue
45.5249833333,-122.688280556,17th Avenue,Everett Street
45.5122166667,-122.655705556,10th Avenue,Hawthorne Boulevard
45.5160138889,-122.681427778,Madison Street,Broadway
45.5172147222,-122.657088889,Morrison Street,9th Avenue
45.5237555556,-122.677461111,Couch Street,Broadway
45.5122305556,-122.659761111,Hawthorne Boulevard,6th Avenue
45.5153222222,-122.675988889,Main Street,2nd Avenue
45.5227222222,-122.692241667,Morrison Street,20th Avenue
45.5428194444,-122.6681275,Vancouver Avenue,Graham Street
45.46585,-122.697391667,Barbur Boulevard,Capitol Hill
45.5125583333,-122.611408333,50th Avenue,Madison Street
45.4974277778,-122.587116667,Powell Boulevard,74th Avenue
45.5237555556,-122.677461111,Couch Street,Broadway
45.4809166667,-122.589269444,72nd Avenue,Ramona Street
45.5552166667,-122.601049722,Cully Boulevard,Prescott Street
45.5827722222,-122.68275,Interstate Avenue,Interstate Place
45.4902944444,-122.624658333,Holgate Boulevard,37th Avenue
45.5350975,-122.6677375,Broadway,Vancouver Avenue
45.5358572222,-122.686322222,15th Avenue,14th Avenue
45.5403388889,-122.677130556,Harding Avenue,Interstate Avenue
45.50915,-122.739966667,Canyon Court,61st Drive
45.5222694444,-122.678036111,Broadway,Oak Street
45.5161611111,-122.592208333,Yamhill Street,69th Avenue
45.5172166667,-122.562827778,96th Avenue,Washington Street
45.5052083333,-122.684341667,6th Avenue,Terwilliger Boulevard
45.5150722222,-122.675055556,1st Avenue,Bridge
45.5324055556,-122.579005556,Wasco Street,82nd Avenue
45.4793388889,-122.574680556,Woodstock Boulevard,86th Avenue
45.5045138889,-122.570480556,Division Street,90th Avenue
45.5005305556,-122.639627778,Tibbetts Street,26th Avenue
45.5350083333,-122.642986111,Broadway,22nd Avenue
45.5279444444,-122.653555556,Irving Street,12th Avenue
45.4957833333,-122.677763889,10; OR,Barbur Boulevard
45.5554583333,-122.602058333,Prescott Street,Cully Boulevard
45.49,-122.567125,Corridor,Holgate Boulevard
45.5047944444,-122.629566667,Division Street,34th Avenue
45.4709972222,-122.685097222,Barbur Boulevard,Terwilliger Boulevard
45.5350972222,-122.664688889,Broadway,1st Avenue
45.5258888889,-122.677541667,Flanders Street,Broadway
45.5507972222,-122.661566667,Failing Street,Martin Luther
45.5751166667,-122.662025,Buffalo Street,Martin Luther
45.5034333333,-122.608997222,Clinton Street,52nd Avenue
45.5043555556,-122.560702778,Division Street,101st Avenue
45.5667555556,-122.535538889,Airport Way,Ainsworth Circle
45.4862083333,-122.648336111,McLoughlin Boulevard,17th Avenue
45.5263638889,-122.530694444,128th Avenue,Glisan Street
45.5165527778,-122.612563889,Belmont Street,49th Avenue
45.5298638889,-122.677688889,Station Way,Lovejoy Street
45.5732972222,-122.665813889,Cleveland Avenue,Bryant Street
45.4681611111,-122.568547222,92nd Avenue,Flavel Street
45.4630972222,-122.684894444,Taylors Ferry,Terwilliger Boulevard
45.5150166667,-122.622908333,Taylor Street,Cesar E
45.5172222222,-122.658438889,Morrison Street,7th Avenue
45.4974305556,-122.586886111,Powell Boulevard,74th Avenue
45.5008555556,-122.680913889,Woods Street,Barbur Boulevard
45.485775,-122.587108333,Foster Road,74th Avenue
45.4996277778,-122.654208333,Milwaukie Avenue,Franklin Street
45.5349444444,-122.599544444,62nd Avenue,Broadway
45.5337194444,-122.608841667,Halsey Street,53rd Avenue
45.5626583333,-122.585033333,Killingsworth Street,75th Avenue
45.5158166667,-122.665833333,Yamhill Street,Water Avenue
45.5627083333,-122.631044444,Killingsworth Street,33rd Avenue
45.521725,-122.704408333,Rose Garden,Wright Avenue
45.5048222222,-122.578694444,82nd Avenue,Division Street
45.5363694444,-122.578975,Hancock Street,82nd Avenue
45.497425,-122.583886111,Powell Boulevard,77th Avenue
45.4969333333,-122.57405,86th Avenue,Powell Boulevard
45.4984194444,-122.53765,122nd Avenue,120th Avenue
45.5193111111,-122.634825,Stark Street,30th Avenue
45.5157138889,-122.636088889,29th Avenue,Yamhill Street
45.5390305556,-122.611927778,Thompson Street,50th Avenue
45.5772166667,-122.668416667,Lombard Street,Vancouver Avenue
45.5224888889,-122.537766667,122nd Avenue,122nd Avenue
45.4656833333,-122.748238889,69th Avenue,Garden Home
45.5200138889,-122.679261111,Broadway,Alder Street
45.5771277778,-122.682194444,Lombard Street,Interstate Avenue
45.4852166667,-122.578922222,Mitchell Street,82nd Avenue
45.5222972222,-122.51065,148th Avenue,148th Avenue
45.5190833333,-122.571341667,Stark Street,90th Avenue
45.5197361111,-122.678236111,Alder Street,6th Avenue
45.5230416667,-122.677411111,Broadway,Burnside Street
45.5421111111,-122.658594444,Knott Street,7th Avenue
45.5668916667,-122.554011111,105th Avenue,Alderwood Road
45.5482583333,-122.665691667,Fremont Street,Cleveland Avenue
45.504475,-122.568633333,Division Street,92nd Avenue
45.4866527778,-122.596941667,Raymond Street,64th Avenue
45.4674583333,-122.723169444,45th Avenue,Multnomah Boulevard
45.4847444444,-122.584055556,77th Avenue,Foster Road
45.5350638889,-122.6586,Broadway,7th Avenue
45.4761416667,-122.702411111,Vermont Street,Capitol Highway
45.4632722222,-122.587427778,Harney Street,74th Avenue
45.4869555556,-122.590294444,Foster Road,71st Avenue
45.5597638889,-122.561366667,Killingsworth Street,Sandy Boulevard
45.5120638889,-122.631358333,Hawthorne Boulevard,32nd Place
45.4746166667,-122.648836111,Milwaukie Avenue,Glenwood Street
45.5628027778,-122.620425,Killingsworth Street,42nd Avenue
45.4947777778,-122.49665,Powell Boulevard,162nd Avenue
45.4709388889,-122.687558333,Barbur Boulevard,Bertha Boulevard
45.48225,-122.707719444,Dosch Road,Flower Terrace
45.4991083333,-122.537655556,120th Avenue,122nd Avenue
45.5831055556,-122.689036111,McClellan Street,Brandon Avenue
45.5141361111,-122.680108333,Columbia Street,5th Avenue
45.5315027778,-122.658622222,Multnomah Street,7th Avenue
45.5193666667,-122.660730556,Stark Street,Grand Avenue
45.5231333333,-122.672363889,2nd Avenue,Burnside Street
45.5236444444,-122.660702778,Couch Street,Grand Avenue
45.5603083333,-122.640922222,Sumner Street,24th Avenue
45.5350972222,-122.664688889,Broadway,1st Avenue
45.5055361111,-122.684333333,6th Avenue,Terwilliger Boulevard
45.5419305556,-122.6771,Knott Street,Interstate Avenue
45.5044527778,-122.500761111,Division Street,158th Avenue
45.5122138889,-122.654691667,11th Avenue,Hawthorne Boulevard
45.5717805556,-122.660694444,Dekum Street,Grand Avenue
45.5138638889,-122.679086111,Columbia Street,4th Avenue
45.5377722222,-122.626016667,36th Avenue,Tillamook Street
45.5447805556,-122.6776,Interstate Avenue,Greeley Avenue
45.523625,-122.656122222,Couch Street,10th Avenue
45.5190444444,-122.559180556,Stark Street,102nd Avenue
45.5143166667,-122.642513889,23rd Avenue,Salmon Street
45.5311,-122.614991667,47th Avenue,Multnomah Street
45.5260861111,-122.661697222,Martin Luther,Gultch Corridor
45.5554555556,-122.649908333,15th Avenue,Prescott Street
45.4974388889,-122.590736111,Powell Boulevard,70th Avenue
45.5167972222,-122.672941667,Yamhill Street,Naito Parkway
45.5143638889,-122.657719444,Salmon Street,8th Avenue
45.5308,-122.665744444,Multnomah Street,Wheeler Avenue
45.4772583333,-122.559836111,Foster Road,101st Avenue
45.5251333333,-122.680166667,Everett Street,9th Avenue
45.5563944444,-122.657588889,Going Street,8th Avenue
45.4929194444,-122.573302778,86th Avenue,Bush Street
45.5699305556,-122.695547222,Greeley Avenue,Rosa Parks
45.5339383333,-122.670394444,Benton Avenue,Broadway
45.4761416667,-122.702410556,Vermont Street,Capitol Highway
45.5350972222,-122.664688889,Broadway,1st Avenue
45.5146666667,-122.676341667,Madison Street,2nd Avenue
45.5121944444,-122.6496,Hawthorne Boulevard,16th Avenue
45.5164972222,-122.658672222,7th Avenue,Belmont Street
45.53215,-122.686513889,Overton Street,15th Avenue
45.5829277778,-122.66781,Columbia Boulevard,Vancouver Avenue
45.5237555556,-122.677461111,Couch Street,Broadway
45.5264305556,-122.581455556,Glisan Street,80th Avenue
45.4847261111,-122.622638889,Steele Street,Cesar E
45.5762666667,-122.650073611,Lombard Street,15th Avenue
45.51722,-122.658675,7th Avenue,Morrison Street
45.5428194444,-122.6681275,Vancouver Avenue,Graham Street
45.5290666667,-122.60222,60th Avenue,H. Banfield
45.5858416667,-122.762838889,Pittsburg Avenue,Portland Willamette
45.5365055556,-122.608891667,Hancock Street,53rd Avenue
45.4979444444,-122.639616667,Powell Boulevard,26th Avenue
45.5553805556,-122.544125,Prescott Street,115th Avenue
45.5122138889,-122.654691667,11th Avenue,Hawthorne Boulevard
45.5626944444,-122.671197222,Killingsworth Street,Commercial Avenue
45.5146666667,-122.676341667,Madison Street,2nd Avenue
45.5351008333,-122.665702778,Victoria Avenue,Broadway
45.5256611111,-122.690333333,Flanders Street,19th Avenue
45.5883111111,-122.697213889,Peninsular Avenue,Trenton Street
45.4768083333,-122.527397222,Foster Road,131st Avenue
45.5517108333,-122.536469444,Shaver Street,122nd Avenue
45.5129277778,-122.654686111,Madison Street,11th Avenue
45.5045805556,-122.489591667,Division Street,168th Avenue
45.5351605556,-122.639116667,Broadway,26th Avenue
45.5591222222,-122.6615,Alberta Street,Martin Luther
45.5221722222,-122.647522222,Ankeny Street,18th Avenue
45.5150666667,-122.654672222,Taylor Street,11th Avenue
45.5419138889,-122.668128889,Vancouver Avenue,Knott Street
45.4837455556,-122.589227778,Insley Street,72nd Avenue
45.5065055556,-122.653708333,12th Avenue,Sherman Street
45.4828166667,-122.5686025,92nd Avenue,Harold Street
45.5005072222,-122.623841667,Tibbetts Street,38th Avenue
45.5232666667,-122.695391667,Burnside Street,King Avenue
45.5182722222,-122.496469444,162nd Avenue,Stark Street
45.5143666667,-122.658694444,Salmon Street,7th Avenue
45.5335152778,-122.560944444,100th Avenue,Halsey Street
45.5040777778,-122.522775,Division Street,137th Avenue
45.5047972222,-122.633958333,Division Street,31st Avenue
45.5134222222,-122.674716667,Jefferson Street,Naito Parkway
45.5062722222,-122.632680556,Sherman Street,32nd Avenue
45.5220111111,-122.678175,Oak Street,Broadway
45.5191058333,-122.687280556,Salmon Street,14th Avenue
45.510975,-122.72735,Highland Parkway,Upland Drive
45.5699166667,-122.675883333,Rosa Parks,Mississippi Avenue
45.5172236111,-122.659727778,6th Avenue,Morrison Street
45.54285,-122.664127778,Rodney Avenue,Graham Street
45.5590833333,-122.671161111,Commercial Avenue,Alberta Street
45.5482583333,-122.667951111,Fremont Street,Vancouver Avenue
45.4791666667,-122.612402778,Woodstock Boulevard,49th Avenue
45.522925,-122.660705556,Burnside Street,Grand Avenue
45.5482638889,-122.664083333,Fremont Street,Rodney Avenue
45.4902944444,-122.608991667,Holgate Boulevard,52nd Avenue
45.5295333333,-122.660663889,Grand Avenue,Pacific Street
45.5343702778,-122.665719444,Weidler Street,Victoria Avenue
45.5227861111,-122.580494444,Burnside Street,81st Avenue
45.5563972222,-122.665669444,Going Street,Cleveland Avenue
45.5122277778,-122.658708333,7th Avenue,Hawthorne Boulevard
45.5233333333,-122.696788889,Burnside Street,Saint Clair
45.5210833333,-122.680422222,Washington Street,9th Avenue
45.5262805556,-122.548747222,Glisan Street,111th Avenue
45.5889444444,-122.753336111,Ivanhoe Street,John Avenue
45.5273194444,-122.677594444,Hoyt Street,Broadway
45.5126583333,-122.677438889,Clay Street,2nd Avenue
45.5122277778,-122.658708333,7th Avenue,Hawthorne Boulevard
45.5350644444,-122.658597222,Broadway,7th Avenue
45.5582055556,-122.598525,Wygant Street,Cully Boulevard
45.5125194444,-122.679786111,Market Street,4th Avenue
45.5353580556,-122.6667375,Williams Avenue,Broadway
45.5482611111,-122.665125,Fremont Street,Rodney Avenue
45.5480472222,-122.537341667,Fremont Street,122nd Avenue
45.5165611111,-122.617783056,Belmont Street,43rd Avenue
45.5251805556,-122.677513889,Everett Street,Broadway
45.5546722222,-122.682244444,Skidmore Street,Interstate Avenue
45.5845288889,-122.729680556,Wall Avenue,Lombard Street
45.4792388889,-122.692002778,Burlingame Avenue,Capitol Highway
45.5554277778,-122.580630556,Prescott Street,80th Avenue
45.461675,-122.616764722,Johnson Creek,Corridor
45.4824222222,-122.577922222,Foster Road,83rd Avenue
45.5553861111,-122.557766667,Prescott Street,102nd Avenue
45.5421138889,-122.661597222,Knott Street,Martin Luther
45.5390361111,-122.62195,Thompson Street,40th Avenue
45.5236194444,-122.6536,Couch Street,12th Avenue
45.5044444444,-122.566974722,Division Street,Corridor
45.5285694444,-122.687416667,Johnson Street,16th Avenue
45.5385111111,-122.674461111,Thompson Street,Interstate Avenue
45.5276388889,-122.622988889,Cesar E,Laddington Court
45.5554861111,-122.656625,Prescott Street,9th Avenue
45.5845325,-122.689036111,Argyle Street,Brandon Avenue
45.5083527778,-122.634723333,Lincoln Street,30th Avenue
45.4902416667,-122.577930556,Holgate Boulevard,83rd Avenue
45.4641194444,-122.634806667,Tenino Street,Tacoma Street
45.5279805556,-122.680244444,9th Avenue,Irving Street
45.5252222222,-122.675288889,Everett Street,5th Avenue
45.527925,-122.649502778,Irving Street,16th Avenue
45.5031194444,-122.609,52nd Avenue,Clinton Street
45.5170702778,-122.673963889,Yamhill Street,1st Avenue
45.5158,-122.66075,Yamhill Street,Grand Avenue
45.5772166667,-122.668416667,Lombard Street,Vancouver Avenue
45.4965638889,-122.682230556,Terwilliger Boulevard,Condor Lane
45.5283833333,-122.579030556,82nd Avenue,Oregon Street
45.5249833333,-122.688280556,17th Avenue,Everett Street
45.4712194444,-122.681197222,Barbur Boulevard,Miles Street
45.5201138889,-122.691838889,Salmon Street,18th Avenue
45.5094222222,-122.676733333,Naito Parkway,Harrison Street
45.4785111111,-122.699416667,Beaverton Hillsdale,21st Avenue
45.5175991667,-122.690330556,Jefferson Street,16th Avenue
45.5385805556,-122.557977778,102nd Avenue,Thompson Street
45.4915333333,-122.61897,42nd Avenue,Cora Street
45.5165027778,-122.657705556,8th Avenue,Belmont Street
45.49725,-122.636572222,28th Place,Powell Boulevard
45.5314444444,-122.641222222,Multnomah Street,24th Avenue
45.5206833333,-122.632027778,Pine Street,32nd Avenue
45.5627,-122.634903333,Killingsworth Street,30th Avenue
45.5266083333,-122.677566667,Glisan Street,Broadway
45.5249472222,-122.690308333,Everett Street,19th Avenue
45.467345,-122.609377778,Flavel Drive,Lambert Street
45.521225,-122.689491667,17th Avenue,Yamhill Street
45.5122166667,-122.655116667,Hawthorne Boulevard,11th Avenue
45.5301833333,-122.579033333,Holladay Street,82nd Avenue
45.5041027778,-122.643594444,Ivon Street,22nd Avenue
45.5177408333,-122.679322222,Taylor Street,6th Avenue
45.515675,-122.726155556,Fairview Boulevard,Skyline Boulevard
45.519155,-122.509888889,Stark Street,148th Avenue
45.534885,-122.668813056,Broadway,Wheeler Avenue
45.534885,-122.668813056,Broadway,Wheeler Avenue
45.5229527778,-122.663158333,Burnside Street,Couch Street
45.5196638889,-122.661783333,Martin Luther,Stark Street
45.5034333333,-122.611005556,Clinton Street,50th Avenue
45.5496888889,-122.653747222,12th Avenue,Beech Street
45.5041916667,-122.547655556,Division Street,112th Avenue
45.5264388889,-122.584698333,Glisan Street,76th Avenue
45.5097833333,-122.678005556,Harrison Street,1st Avenue
45.5315111111,-122.660641667,Multnomah Street,Grand Avenue
45.5121861111,-122.646575,Hawthorne Boulevard,19th Avenue
45.5263305556,-122.564280556,Glisan Street,205 Corridor
45.4927166667,-122.486636111,Powell Boulevard,170th Avenue
45.4977,-122.523544444,136th Avenue,Powell Boulevard
45.514925,-122.677330556,Madison Street,3rd Avenue
45.5427305556,-122.605611111,Alameda Street,56th Avenue
45.5193594444,-122.658680556,Stark Street,7th Avenue
45.5122138889,-122.654691667,11th Avenue,Hawthorne Boulevard
45.5058027778,-122.657783333,8th Avenue,Division Street
45.4586916667,-122.647038889,17th Avenue,Ochoco Street
45.4761416667,-122.702410556,Vermont Street,Capitol Highway
45.5545777778,-122.666752778,Skidmore Street,Williams Avenue
45.4782277778,-122.696180556,Capitol Highway,Beaverton Hillsdale
45.5102333333,-122.51535,Mill Street,143rd Avenue
45.5035361111,-122.633571667,Clinton Street,31st Avenue
45.4974416667,-122.620758333,Powell Boulevard,40th Avenue
45.5021527778,-122.644622222,21st Avenue,Woodward Street
45.4686516667,-122.58935,Flavel Street,72nd Avenue
45.5226666667,-122.562244444,99th Avenue,99th Avenue
45.5453555556,-122.666652778,Monroe Street,Williams Avenue
45.4935555556,-122.676877778,Barbur Boulevard,Lowell Street
45.514925,-122.677330556,Madison Street,3rd Avenue
45.44905,-122.686138889,Boones Ferry,Colony Drive
45.5202888889,-122.630866667,33rd Avenue,Oak Street
45.51205,-122.624836111,Hawthorne Boulevard,38th Avenue
45.527925,-122.649502778,Irving Street,16th Avenue
45.5250083333,-122.687269444,Everett Street,16th Avenue
45.5122805556,-122.662802778,3rd Avenue,Bridge
45.5143972222,-122.6754,Madison Street,1st Avenue
45.5222055556,-122.497891667,Burnside Street,160th Avenue
45.5627083333,-122.594172222,Killingsworth Street,Cully Boulevard
45.5048194444,-122.578677778,82nd Avenue,Division Street
45.5266083333,-122.677566667,Glisan Street,Broadway
45.5176230556,-122.679386111,6th Avenue,Taylor Street
45.51175,-122.548125,Cherry Blossom,Market Street
45.5263305556,-122.564280556,Glisan Street,205 Corridor
45.50086,-122.680916667,Woods Street,Barbur Boulevard
45.5114416667,-122.675841667,Market Street,Naito Parkway
45.4827666667,-122.566888333,Harold Street,Corridor
45.5485333333,-122.667953889,Vancouver Avenue,Fremont Street
45.53215,-122.686513889,Overton Street,15th Avenue
45.5190458333,-122.534125,Stark Street,126th Avenue
45.4974388889,-122.589116667,72nd Avenue,Powell Boulevard
45.4905472222,-122.578802778,82nd Avenue,Holgate Boulevard
45.5014733333,-122.655783333,Powell Boulevard,10th Avenue
45.5350811111,-122.661641667,Broadway,Martin Luther
45.5153222222,-122.675988889,Main Street,2nd Avenue
45.5292361111,-122.689455556,Kearney Street,18th Avenue
45.5664083333,-122.661402778,Martin Luther,Ainsworth Street
45.5248305556,-122.677502778,Broadway,Everett Street
45.4782722222,-122.695916667,Capitol Highway,Beaverton Hillsdale
45.5791833333,-122.681975,Interstate Avenue,Farragut Street
45.46255,-122.615847222,Harney Drive,45th Avenue
45.5482166667,-122.589213889,Fremont Street,Sandy Boulevard
45.5243861111,-122.615013889,47th Avenue,Davis Street
45.554675,-122.688138889,Skidmore Street,Overlook Boulevard
45.4804944444,-122.597019444,65th Avenue,Knight Street
45.51105,-122.661836111,Martin Luther,Market Street
45.5510011111,-122.578708333,Failing Street,82nd Avenue
45.5421027778,-122.656525,Knott Street,9th Avenue
45.5351597222,-122.6367,Broadway,28th Avenue
45.5314777778,-122.652535278,Multnomah Street,13th Avenue
45.5343102778,-122.644827778,Weidler Street,21st Avenue
45.4638388889,-122.683944722,Terwilliger Boulevard,6th Avenue
45.4761416667,-122.702410556,Vermont Street,Capitol Highway
45.5206972222,-122.687525,Yamhill Street,15th Avenue
45.4823611111,-122.57895,82nd Avenue,Ellis Street
45.4744388889,-122.648813889,Milwaukie Avenue,Glenwood Street
45.5048138889,-122.642961111,Division Street,23rd Avenue
45.5553861111,-122.5644,Prescott Street,95th Avenue
45.5525388889,-122.537208333,122nd Avenue,Shaver Street
45.5774638889,-122.681975,Lombard Street,Interstate Avenue
45.5193752778,-122.663483333,Stark Street,2nd Avenue
45.5342716667,-122.669805556,Broadway,Ross Avenue
45.4836633333,-122.581163889,Foster Road,80th Avenue
45.4785111111,-122.699416667,Beaverton Hillsdale,21st Avenue
45.5482138889,-122.596327778,Fremont Street,65th Avenue
45.5236444444,-122.6607,Couch Street,Grand Avenue
45.4791611111,-122.608725,Woodstock Boulevard,52nd Avenue
45.5350811111,-122.661641667,Broadway,Martin Luther
45.4699972222,-122.690263889,Barbur Boulevard,Multnomah Boulevard
45.5460666667,-122.666658333,Fargo Street,Williams Avenue
45.5410111111,-122.60765,Sandy Boulevard,54th Avenue
45.5181108333,-122.577172222,84th Avenue,Washington Street
45.5212694444,-122.706752778,Kingston Avenue,Fairview Boulevard
45.5372166667,-122.537605556,122nd Avenue,San Rafael
45.5048194444,-122.578677778,82nd Avenue,Division Street
45.5263305556,-122.564280556,Glisan Street,205 Corridor
45.5102138889,-122.510727778,Mill Street,148th Avenue
45.4902611111,-122.578808333,Holgate Boulevard,82nd Avenue
45.5182719444,-122.658661111,7th Avenue,Alder Street
45.5179436111,-122.661791667,Alder Street,Martin Luther
45.4929194444,-122.573302778,86th Avenue,Bush Street
45.4873638889,-122.591261111,70th Avenue,Foster Road
45.5122416667,-122.660769444,Hawthorne Boulevard,Grand Avenue
45.4989166667,-122.513825,Powell Boulevard,145th Avenue
45.5236444444,-122.6607,Couch Street,Grand Avenue
45.5436472222,-122.6504275,15th Avenue,Stanton Street
45.5349405556,-122.598588889,Broadway,63rd Avenue
45.5284777778,-122.656527778,9th Avenue,Lloyd Boulevard
45.5255694444,-122.605416667,57th Avenue,Flanders Street
45.5212944444,-122.696422222,Park Place,Saint Clair
45.4669841667,-122.746297222,68th Avenue,Railroad Street
45.5259583333,-122.537747222,122nd Avenue,Glisan Street
45.5551944444,-122.625511111,37th Avenue,Prescott Street
45.5217583333,-122.685834167,14th Avenue,Alder Street
45.4628972222,-122.657986111,8th Avenue,Umatilla Street
45.5553861111,-122.563136111,Prescott Street,97th Avenue
45.5550416667,-122.601198333,Cully Boulevard,Prescott Street
45.5612416667,-122.687413889,Denver Avenue,Emerson Street
45.5136388889,-122.654680556,Main Street,11th Avenue
45.5273194444,-122.677594444,Hoyt Street,Broadway
45.5744555556,-122.724541667,Willamette Boulevard,Haven Avenue
45.5307805556,-122.683421667,Marshall Street,12th Avenue
45.5350972222,-122.664688889,Broadway,1st Avenue
45.5554,-122.682291667,Interstate Avenue,Prescott Street
45.5860833333,-122.762344444,Pittsburg Avenue,Portland Willamette
45.5343347222,-122.651502778,Weidler Street,14th Avenue
45.4656833333,-122.748236111,69th Avenue,Garden Home
45.5367694444,-122.706872222,Vaughn Street,27th Avenue
45.5250777778,-122.683208333,Everett Street,12th Avenue
45.5355527778,-122.695633333,Thurman Street,21st Avenue
45.5771305556,-122.686658333,Lombard Street,Denver Avenue
45.5619388889,-122.682330556,Willamette Boulevard,Interstate Avenue
45.5273305556,-122.677063889,Hoyt Street,6th Avenue
45.4545055556,-122.718731944,Barbur Boulevard,Taylors Ferry
45.4761416667,-122.702410556,Vermont Street,Capitol Highway
45.540325,-122.711041667,29th Avenue,Industrial Street
45.4802027778,-122.687,Capitol Highway,Terwilliger Boulevard
45.577125,-122.682086111,Lombard Street,Interstate Avenue
45.4969888889,-122.637605556,28th Avenue,Powell Boulevard
45.5541472222,-122.662633333,Garfield Avenue,Skidmore Street
45.5124694444,-122.658705556,7th Avenue,Hawthorne Boulevard
45.6143666667,-122.683208333,Hayden Island,Pavilion Avenue
45.5546722222,-122.682244444,Skidmore Street,Interstate Avenue
45.4561277778,-122.684763056,6th Avenue,Terwilliger Boulevard
45.5451583333,-122.644208333,21st Avenue,Siskiyou Street
45.51722,-122.658675,7th Avenue,Morrison Street
45.5567055556,-122.630663889,Going Street,33rd Avenue
45.4525736111,-122.721766667,Capitol Highway,Huber Street
45.5235888889,-122.637247222,28th Avenue,Couch Street
45.5230611111,-122.676469444,6th Avenue,Burnside Street
45.5170452778,-122.687180556,13th Avenue,Jefferson Street
45.5626861111,-122.673430556,Killingsworth Street,Kerby Avenue
45.4896972222,-122.543463889,Holgate Boulevard,116th Avenue
45.514925,-122.677330556,Madison Street,3rd Avenue
45.5563305556,-122.640952778,Going Street,24th Avenue
45.5444805556,-122.537416667,122nd Avenue,Siskiyou Street
45.5664083333,-122.661402778,Martin Luther,Ainsworth Street
45.5467805556,-122.666661111,Cook Street,Williams Avenue
45.5590388889,-122.682261111,Alberta Street,Interstate Avenue
45.5228666667,-122.636319444,Burnside Street,29th Avenue
45.5172630556,-122.663791667,2nd Avenue,Bridge
45.5467805556,-122.666661111,Cook Street,Williams Avenue
45.5022861111,-122.681725,Hooker Street,Barbur Boulevard
45.4683227778,-122.693041667,Barbur Boulevard,Troy Street
45.5782527778,-122.651509444,Columbia Boulevard,13th Avenue
45.5041138889,-122.518477222,Division Street,141st Avenue
45.4767527778,-122.701595,Idaho Street,Capitol Highway
45.509375,-122.658727778,Stephens Street,7th Avenue
45.5377027778,-122.694841667,Wilson Street,21st Avenue
45.4777222222,-122.699077778,Capitol Highway,Nebraska Street
45.5330333333,-122.666742778,Wheeler Avenue,Wheeler Avenue
45.5275916667,-122.537730556,122nd Avenue,Oregon Street
45.5190452778,-122.564605556,Stark Street,Memorial Highway
45.4982527778,-122.578708333,82nd Avenue,Franklin Street
45.4880305556,-122.676744444,Corbett Avenue,Richardson Street
45.6008227778,-122.762961111,Lombard Street,Bruce Avenue
45.577125,-122.687519444,Lombard Street,Denver Avenue
45.4625666667,-122.703133333,Barbur Boulevard,Barbur Court
45.6007005556,-122.762886111,Lombard Street,Bruce Avenue
45.5941638889,-122.721069444,Columbia Boulevard,Portsmouth Avenue
45.5314611111,-122.685077778,Northrup Street,14th Avenue
45.5108,-122.681913889,Harrison Street,5th Avenue
45.5351594444,-122.633238889,Broadway,32nd Avenue
45.5229222222,-122.659958333,Burnside Street,6th Avenue
45.5554527778,-122.600852222,Prescott Street,Cully Boulevard
45.4758833333,-122.589344444,Duke Street,72nd Avenue
45.5600277778,-122.661483333,Martin Luther,Webster Street
45.4786055556,-122.694036111,Capitol Highway,Sunset Boulevard
45.5222194444,-122.676897222,6th Avenue,Pine Street
45.4780777778,-122.697091667,Capitol Highway,Bertha Court
45.5467805556,-122.666661111,Cook Street,Williams Avenue
45.4990805556,-122.622622222,Franklin Street,Cesar E
45.5207694444,-122.654630556,Pine Street,11th Avenue
45.5190233333,-122.537766667,Stark Street,122nd Avenue
45.4735027778,-122.648702778,Milwaukie Avenue,Bybee Boulevard
45.5229166667,-122.656647222,Burnside Street,9th Avenue
45.5120583333,-122.630572222,Hawthorne Boulevard,33rd Avenue
45.53125,-122.696633333,Northrup Street,22nd Avenue
45.5129333333,-122.656713889,9th Avenue,Madison Street
45.524525,-122.674444444,Davis Street,4th Avenue
45.4758527778,-122.594502778,Duke Street,67th Avenue
45.5180666667,-122.658666667,7th Avenue,Alder Street
45.5122416667,-122.660769444,Hawthorne Boulevard,Grand Avenue
45.560225,-122.694641667,Emerson Street,Court
45.505725,-122.601681944,60th Avenue,Division Street
45.5235305556,-122.623002778,Burnside Street,Cesar E
45.5421083333,-122.658591667,Knott Street,7th Avenue
45.5129222222,-122.653672222,Madison Street,12th Avenue
45.5046416667,-122.576680556,Division Street,84th Avenue
45.4792166667,-122.569602778,Woodstock Boulevard,91st Avenue
45.5269555556,-122.537738889,122nd Avenue,Glisan Street
45.4739,-122.645741667,Bybee Boulevard,19th Avenue
45.5350652778,-122.659616667,6th Avenue,Broadway
45.5227527778,-122.571283333,90th Avenue,Burnside Street
45.5645694444,-122.696613889,Jessup Street,Atlantic Avenue
45.577125,-122.707958333,Chautauqua Boulevard,Lombard Street
45.5224,-122.512113889,Burnside Street,147th Avenue
45.5904694444,-122.783105556,Germantown Road,Lilac Avenue
45.5272722222,-122.661691667,Martin Luther,Hoyt Street
45.4860283333,-122.648327778,17th Avenue,Mitchell Street
45.5752916667,-122.713016667,Willamette Boulevard,Woolsey Avenue
45.4957138889,-122.609027778,Foster Road,52nd Avenue
45.5335325,-122.559233333,Weidler Street,Halsey Street
45.5372555556,-122.524186111,San Rafael,134th Place
45.5364944444,-122.668738056,Flint Avenue,Hancock Street
45.5122416667,-122.662805556,3rd Avenue,Hawthorne Boulevard
