0,Sumner Street,11th Avenue
1,Ainsworth Street,Martin Luther
2,Rural Street,87th Avenue
3,Hawthorne Boulevard,9th Avenue
4,Hawthorne Boulevard,34th Avenue
5,Shaver Street,Martin Luther
6,Flanders Street,53rd Avenue
7,Sacramento Street,Martin Luther
8,42nd Avenue,Gladstone Street
9,Killingsworth Street,15th Avenue
10,Interstate Avenue,Wheeler Avenue
11,Weidler Street,7th Avenue
12,Vermont Street,45th Avenue
13,9th Avenue,Multnomah Street
14,Milwaukie Avenue,Lafayette Street
15,9th Avenue,Glisan Street
16,20th Avenue,Sherman Street
17,Ave. Footpath,61st Avenue
18,Lovejoy Street,22nd Avenue
19,82nd Avenue,Klickitat Street
20,Couch Street,Martin Luther
21,Ankeny Street,15th Avenue
22,82nd Avenue,Malden Court
23,Powell Boulevard,115th Avenue
24,Gladstone Street,28th Avenue
25,Portsmouth Avenue,Lombard Street
26,Salmon Street,14th Avenue
27,108th Avenue,Washington Street
28,Terwilliger Boulevard,Condor Lane
29,Couch Street,20th Avenue
30,Division Street,50th Avenue
31,Barbur Boulevard,30th Avenue
32,82nd Avenue,Boise Street
33,102nd Avenue,Cherry Blossom
34,122nd Avenue,Glisan Street
35,Broadway,2nd Avenue
36,Flanders Street,3rd Avenue
37,Glisan Street,24th Avenue
38,Schuyler Street,8th Avenue
39,Irving Street,Broadway
40,Interstate Avenue,Wheeler Avenue
41,Killingsworth Street,Moore Avenue
42,Hawthorne Boulevard,14th Avenue
43,Pettygrove Street,22nd Avenue
44,Houghton Street,Geneva Avenue
45,Stanton Street,122nd Avenue
46,Stark Street,Cesar E
47,16th Drive,Multnomah Street
48,122nd Avenue,Drive Trail
49,Monteith Avenue,Syracuse Street
50,Stark Street,102nd Avenue
51,Cesar E,Gladstone Street
52,Salmon Street,7th Avenue
53,Burnside Street,20th Avenue
54,Mall Street,36th Place
55,Lincoln Street,51st Avenue
56,Barbur Boulevard,Hamilton Street
57,Clinton Street,41st Avenue
58,Milwaukie Avenue,Holgate Boulevard
59,Trail,Connector
60,26th Way,Barbur Court
61,Burnside Street,12th Avenue
62,Division Street,68th Avenue
63,Powell Boulevard,77th Avenue
64,2nd Avenue,Terwilliger Boulevard
65,Taylors Ferry,2nd Avenue
66,28th Avenue,Broadway
67,Water Avenue,Abernethy Street
68,Broadway,6th Avenue
69,7th Avenue,Knott Street
70,1st Avenue,Jefferson Street
71,Glisan Street,4th Avenue
72,Russell Street,Rodney Avenue
73,Powell Boulevard,92nd Avenue
74,9th Avenue,Division Place
75,Interstate Avenue,Interstate Place
76,Ankeny Street,28th Avenue
77,Rosa Parks,Fenwick Avenue
78,33rd Avenue,Yamhill Street
79,Irving Street,12th Avenue
80,45th Avenue,Burnside Street
81,Couch Street,12th Avenue
82,45th Avenue,Nevada Street
83,Glisan Street,205 Corridor
84,122nd Avenue,Main Street
85,Division Street,Corridor
86,148th Avenue,Powell Boulevard
87,Couch Street,Broadway
88,Ankeny Street,20th Avenue
89,Powell Boulevard,67th Avenue
90,23rd Place,Vaughn Street
91,20th Avenue,Hawthorne Boulevard
92,Hawthorne Boulevard,11th Avenue
93,Broadway,Burnside Street
94,Ankeny Street,28th Avenue
95,4th Avenue,Burnside Street
96,Foster Road,66th Avenue
97,Glenwood Street,82nd Avenue
98,Salmon Street,18th Avenue
99,Powell Boulevard,50th Avenue
100,Taylor Street,6th Avenue
101,Sandy Boulevard,Transit Center
102,Ankeny Street,12th Avenue
103,82nd Avenue,Raymond Court
104,Stark Street,146th Avenue
105,Hawthorne Boulevard,11th Avenue
106,Oak Street,3rd Avenue
107,Milton Street,154th Avenue
108,Park Place,Vista Avenue
109,Stark Street,122nd Avenue
110,Lovejoy Street,18th Avenue
111,Martin Luther,Mason Street
112,Irving Street,20th Avenue
113,Broadway,Victoria Avenue
114,Salmon Street,Grand Avenue
115,Broadway,15th Avenue
116,Stark Street,122nd Avenue
117,Lombard Street,Charleston Avenue
118,Bush Street,86th Avenue
119,Ainsworth Street,Martin Luther
120,60th Avenue,Capitol Highway
121,Williams Avenue,Graham Street
122,Broadway,Wheeler Avenue
123,Hawthorne Boulevard,Grand Avenue
124,Madison Street,82nd Avenue
125,Holgate Boulevard,118th Avenue
126,Weidler Street,3rd Avenue
127,Glisan Street,23rd Avenue
128,Broadway,Hoyt Street
129,52nd Avenue,Gladstone Street
130,Glisan Street,125th Avenue
131,Washington Street,105th Avenue
132,Everett Street,28th Avenue
133,Foster Road,88th Avenue
134,Glisan Street,Broadway
135,Clay Street,9th Avenue
136,Cesar E,Division Street
137,Rhone Street,70th Avenue
138,Interstate Avenue,Oregon Street
139,Broadway,Burnside Street
140,Interstate Avenue,Fenwick Avenue
141,Dekum Street,29th Avenue
142,65th Avenue,Burnside Street
143,Overton Street,18th Avenue
144,Moody Avenue,Curry Street
145,Ladd Circle,Elliott Avenue
146,Mount Hood,Cascades Parkway
147,Marine Drive,Anchor Way
148,162nd Avenue,Alder Street
149,Sandy Boulevard,101st Avenue
150,Grand Avenue,Broadway
151,Yamhill Street,4th Avenue
152,Killingsworth Street,Haight Avenue
153,Vancouver Avenue,Rosa Parks
154,Sandy Boulevard,105th Avenue
155,Weidler Street,Flint Avenue
156,7th Avenue,Madison Street
157,Vancouver Avenue,Graham Street
158,8th Avenue,Belmont Street
159,Irving Street,16th Avenue
160,Martin Luther,Taylor Street
161,Trail,Connector
162,Beaverton Hillsdale,Dosch Road
163,Grand Avenue,Alberta Street
164,Salmon Street,162nd Avenue
165,28th Avenue,Thompson Street
166,Powell Boulevard,40th Avenue
167,Woodstock Boulevard,72nd Avenue
168,Couch Street,Grand Avenue
169,Halsey Street,106th Avenue
170,Ash Street,Grand Avenue
171,Woodstock Boulevard,74th Avenue
172,Willamette Boulevard,Hurst Avenue
173,Vancouver Avenue,Graham Street
174,Park Place,Vista Avenue
175,Lombard Street,Oswego Avenue
176,Division Street,85th Avenue
177,Interstate Avenue,Wheeler Avenue
178,Naito Parkway,9th Avenue
179,Multnomah Street,7th Avenue
180,Terwilliger Boulevard,Condor Lane
181,15th Avenue,Portland Boulevard
182,17th Avenue,Tenino Street
183,Hawthorne Boulevard,Poplar Avenue
184,Hawthorne Boulevard,Grand Avenue
185,Burnside Street,21st Avenue
186,Holgate Boulevard,Corridor
187,Halsey Street,27th Avenue
188,Sam Jackson,United States
189,Burnside Street,8th Avenue
190,Naito Parkway,Ankeny Street
191,Boones Ferry,Arnold Street
192,Madison Street,3rd Avenue
193,111th Avenue,Halsey Street
194,Belmont Street,16th Avenue
195,Hassalo Street,Martin Luther
196,42nd Avenue,Hancock Street
197,Woodstock Boulevard,54th Avenue
198,Washington Street,96th Avenue
199,Multnomah Street,3rd Avenue
200,20th Avenue,Alder Street
201,Sandy Boulevard,40th Avenue
202,Broadway,Wheeler Avenue
203,122nd Avenue,Siskiyou Street
204,Powell Boulevard,Foster Road
205,Belmont Street,61st Avenue
206,Fremont Street,Martin Luther
207,Weidler Street,7th Avenue
208,Tillamook Street,40th Avenue
209,Stark Street,12th Avenue
210,Madison Street,3rd Avenue
211,Cook Street,Vancouver Avenue
212,Freeway,Bridge
213,47th Avenue,Glisan Street
214,Taylor Street,3rd Avenue
215,Lombard Street,Villard Avenue
216,Vancouver Avenue,Cook Street
217,Cesar E,Glisan Street
218,88th Avenue,Steele Street
219,Sandy Boulevard,19th Avenue
220,20th Avenue,Division Street
221,Burnside Street,143rd Avenue
222,77th Avenue,Division Street
223,Madison Street,3rd Avenue
224,Williams Avenue,Skidmore Street
225,31st Avenue,Sandy Boulevard
226,Division Street,112th Avenue
227,Cook Street,Vancouver Avenue
228,Jefferson Street,20th Avenue
229,Market Street,Park Avenue
230,Foster Road,96th Avenue
231,Couch Street,Grand Avenue
232,82nd Avenue,Bybee Boulevard
233,122nd Avenue,Harold Street
234,Division Street,131st Avenue
235,Salmon Street,20th Avenue
236,Hawthorne Boulevard,8th Avenue
237,15th Avenue,Ainsworth Street
238,82nd Avenue,Woodward Street
239,Albina Avenue,Alberta Street
240,Foster Road,78th Avenue
241,Broadway,Taylor Street
242,Bryant Street,Atlantic Avenue
243,111th Avenue,Holgate Boulevard
244,Vermont Street,Capitol Highway
245,Schiller Street,82nd Avenue
246,Milwaukie Avenue,Holgate Boulevard
247,Clay Street,Naito Parkway
248,Vancouver Avenue,Graham Street
249,Monroe Street,Williams Avenue
250,8th Avenue,Holman Street
251,Broadway,Wheeler Avenue
252,Burnside Street,Sandy Boulevard
253,Division Street,98th Avenue
254,122nd Avenue,Fremont Street
255,24th Avenue,Ankeny Street
256,Division Street,84th Avenue
257,3rd Avenue,Burnside Street
258,Woods Street,Barbur Boulevard
259,Hooker Street,Barbur Boulevard
260,69th Avenue,Garden Home
261,Gladstone Street,Foster Road
262,82nd Avenue,Knapp Street
263,Saint Helens,Marina Way
264,Broadway,Williams Avenue
265,Division Street,125th Avenue
266,Corbett Avenue,Richardson Court
267,Lombard Street,Freeway
268,Davis Street,4th Avenue
269,Harold Street,65th Avenue
270,45th Avenue,Vermont Street
271,Hawthorne Boulevard,11th Avenue
272,Clay Street,Broadway
273,Hawthorne Boulevard,25th Avenue
274,79th Avenue,Division Street
275,Broadway,1st Avenue
276,Interstate Avenue,Greeley Avenue
277,47th Avenue,Everett Street
278,Stark Street,30th Avenue
279,Orange Avenue,Birch Street
280,Oak Street,2nd Avenue
281,Capitol Highway,Beaverton Hillsdale
282,Sam Jackson,Campus Drive
283,Broadway,Wheeler Avenue
284,Martin Luther,Monroe Street
285,20th Avenue,Salmon Street
286,Carlton Street,67th Avenue
287,52nd Avenue,Flavel Street
288,Ainsworth Street,55th Avenue
289,Glisan Street,92nd Avenue
290,9th Avenue,Tillamook Street
291,Alberta Court,42nd Avenue
292,Broadway,Williams Avenue
293,20th Avenue,Stark Street
294,122nd Avenue,Oak Street
295,Foster Road,74th Avenue
296,Primrose Street,8th Avenue
297,Tillamook Street,38th Avenue
298,Washington Street,28th Avenue
299,Willamette Boulevard,Richmond Avenue
300,Hawthorne Boulevard,6th Avenue
301,Pine Street,20th Avenue
302,Division Street,76th Avenue
303,Broadway,30th Avenue
304,Stanton Street,Williams Avenue
305,11th Avenue,Hawthorne Boulevard
306,1st Avenue,Hooker Street
307,Ainsworth Street,Concord Avenue
308,Halsey Street,42nd Avenue
309,Powell Boulevard,26th Avenue
310,7th Avenue,Belmont Street
311,Barbur Boulevard,Miles Street
312,Sandy Boulevard,96th Avenue
313,Burnside Street,62nd Avenue
314,Central Street,Charleston Avenue
315,21st Avenue,Halsey Street
316,Portland Road,Suttle Road
317,Columbia Boulevard,60th Avenue
318,Freeway,Bridge
319,Vermont Street,Capitol Highway
320,Killingsworth Street,Martin Luther
321,Broadway,Flanders Street
322,Wheeler Avenue,Wheeler Avenue
323,26th Avenue,Powell Boulevard
324,Broadway,Wheeler Avenue
325,Lombard Street,Interstate Avenue
326,Naito Parkway,Hall Street
327,Burnside Street,82nd Avenue
328,Madison Street,3rd Avenue
329,Barbur Boulevard,View Point
330,Dekum Street,Martin Luther
331,Columbia Street,4th Avenue
332,102nd Avenue,102nd Avenue
333,Milwaukie Avenue,Powell Boulevard
334,139th Avenue,Division Street
335,Yamhill Street,34th Avenue
336,Salmon Street,14th Avenue
337,82nd Avenue,Woodward Street
338,Fremont Street,Martin Luther
339,Killingsworth Street,8th Avenue
340,Davis Street,Naito Parkway
341,20th Avenue,Harrison Street
342,4th Avenue,Burnside Street
343,Weidler Street,Victoria Avenue
344,Interstate Avenue,Highland Street
345,Bertha Boulevard,Bertha Court
346,Glisan Street,6th Avenue
347,Main Street,3rd Avenue
348,Beaverton Hillsdale,25th Avenue
349,Gladstone Street,Cesar E
350,Broadway,Glisan Street
351,Williams Avenue,Russell Street
352,Winning Way,Center Court
353,Multnomah Boulevard,45th Avenue
354,Madison Street,3rd Avenue
355,Ankeny Street,8th Avenue
356,16th Avenue,Savier Street
357,Willamette Boulevard,Van Houten
358,Marine Drive,148th Avenue
359,Division Street,68th Avenue
360,122nd Avenue,Drive Trail
361,Capitol Highway,Sunset Boulevard
362,82nd Avenue,Multnomah Street
363,Tillamook Street,50th Avenue
364,Fremont Street,74th Avenue
365,Alberta Street,Williams Avenue
366,41st Avenue,Hawthorne Boulevard
367,Grand Avenue,Broadway
368,Denver Avenue,Killingsworth Street
369,Broadway,28th Avenue
370,Alberta Street,Vancouver Avenue
371,Clinton Street,25th Avenue
372,Rosa Parks,Missouri Avenue
373,Division Place,6th Avenue
374,Salmon Street,Grand Avenue
375,7th Avenue,Holladay Street
376,Martin Luther,Morris Street
377,Cook Street,Williams Avenue
378,Vancouver Avenue,Graham Street
379,102nd Avenue,102nd Avenue
380,112th Avenue,Division Street
381,Main Street,2nd Avenue
382,Stark Street,30th Avenue
383,Davis Street,Cesar E
384,Halsey Street,Grand Avenue
385,Holgate Boulevard,25th Avenue
386,Anchor Street,Lagoon Avenue
387,Airport Way,122nd Avenue
388,Multnomah Street,7th Avenue
389,Division Street,130th Avenue
390,Ankeny Street,10th Avenue
391,Interstate Avenue,Skidmore Street
392,Main Street,Cesar E
393,Division Street,45th Avenue
394,82nd Avenue,Reedway Street
395,9th Avenue,Halsey Street
396,Lombard Street,Freeway
397,22nd Avenue,Kearney Street
398,Lloyd Boulevard,7th Avenue
399,Skidmore Street,Cleveland Avenue
400,Taylors Ferry,Plum Street
401,174th Avenue,Powell Boulevard
402,McLoughlin Boulevard,17th Avenue
403,Burnside Street,14th Avenue
404,Lombard Street,Heppner Avenue
405,Couch Street,12th Avenue
406,Hawthorne Boulevard,Maple Avenue
407,Everett Street,13th Avenue
408,Capitol Highway,26th Avenue
409,Stark Street,103rd Drive
410,Burnside Street,82nd Avenue
411,Halsey Street,40th Avenue
412,82nd Avenue,Russell Street
413,13th Avenue,Gaines Street
414,Alta Avenue,Ivanhoe Street
415,Flanders Street,28th Avenue
416,Sandy Boulevard,42nd Avenue
417,Palm Street,Maple Avenue
418,Division Street,50th Avenue
419,Everett Street,16th Avenue
420,Failing Street,Vancouver Avenue
421,Ankeny Street,14th Avenue
422,Sandy Boulevard,42nd Avenue
423,77th Avenue,Division Street
424,Pine Street,28th Avenue
425,Broadway,Martin Luther
426,Alberta Street,Martin Luther
427,Beaverton Avenue,Hillsboro Street
428,Division Street,96th Drive
429,Gladstone Street,30th Avenue
430,Mason Street,Haight Avenue
431,Killingsworth Street,Martin Luther
432,Grand Avenue,Bridge
433,Vaughn Street,25th Avenue
434,Taylor Street,7th Avenue
435,Thompson Street,82nd Avenue
436,Vista Avenue,Carter Lane
437,Broadway,6th Avenue
438,4th Avenue,College Street
439,Division Street,101st Avenue
440,Beaverton Hillsdale,30th Avenue
441,Skidmore Street,Kerby Avenue
442,Caruthers Street,Cesar E
443,Ellis Street,86th Avenue
444,Glisan Street,16th Avenue
445,Burnside Road,Skyline Boulevard
446,Broadway,28th Avenue
447,Irving Street,16th Avenue
448,Terwilliger Boulevard,Cheltenham Street
449,Russell Street,Rodney Avenue
450,Portsmouth Avenue,Willamette Boulevard
451,Fessenden Street,Tioga Avenue
452,Couch Street,Grand Avenue
453,Broadway,6th Avenue
454,Edgewood Road,Broadway Drive
455,Fremont Street,26th Avenue
456,205 Corridor,Bikepath Access
457,Broadway,30th Avenue
458,Burnside Street,70th Avenue
459,82nd Avenue,Insley Street
460,Woodward Street,26th Avenue
461,Dekum Street,23rd Avenue
462,111th Avenue,Holgate Boulevard
463,Bank Street,Mohawk Avenue
464,128th Avenue,Yukon Court
465,Division Street,11th Avenue
466,Jackson Street,Broadway
467,Overlook Boulevard,Interstate Avenue
468,11th Avenue,Hawthorne Boulevard
469,Pine Street,3rd Avenue
470,Harold Street,104th Avenue
471,Sandy Boulevard,47th Avenue
472,Stark Street,29th Avenue
473,Taylor Street,36th Avenue
474,Holgate Boulevard,28th Avenue
475,Holman Street,33rd Avenue
476,6th Avenue,Morrison Street
477,Hawthorne Boulevard,50th Avenue
478,Failing Street,Vancouver Avenue
479,Gladstone Street,22nd Avenue
480,Pacific Street,20th Avenue
481,11th Avenue,Hawthorne Boulevard
482,Broadway,Yamhill Street
483,Williams Avenue,Broadway
484,174th Avenue,Division Street
485,Weidler Street,14th Avenue
486,Multnomah Boulevard,40th Avenue
487,162nd Avenue,Division Street
488,Bybee Boulevard,23rd Avenue
489,12th Avenue,Glisan Street
490,Farragut Street,Delaware Avenue
491,Couch Street,Grand Avenue
492,Station Way,Broadway
493,Fremont Street,7th Avenue
494,Market Street,96th Avenue
495,Monroe Street,Vancouver Avenue
496,Northrup Street,23rd Avenue
497,Barbur Boulevard,View Point
498,Fremont Street,Martin Luther
499,Morrison Street,9th Avenue
500,Everett Street,Broadway
501,Powell Boulevard,82nd Avenue
502,Holgate Boulevard,92nd Avenue
503,Lombard Street,Villard Avenue
504,Ainsworth Street,Interstate Avenue
505,Washington Street,96th Avenue
506,Killingsworth Street,Kerby Avenue
507,19th Avenue,Sandy Boulevard
508,Morrison Street,20th Avenue
509,Market Street,4th Avenue
510,Greeley Avenue,Boulevard Trail
511,Couch Street,Grand Avenue
512,Belmont Street,35th Avenue
513,Benton Avenue,Broadway
514,Lloyd Boulevard,16th Drive
515,Stark Street,47th Avenue
516,11th Avenue,Belmont Street
517,Division Street,11th Avenue
518,Rosa Parks,Campbell Avenue
519,Division Street,84th Avenue
520,Dekum Street,6th Avenue
521,6th Avenue,Market Street
522,Irving Street,Broadway
523,Lombard Street,Baltimore Avenue
524,Naito Parkway,Greenway Trail
525,Clinton Street,41st Avenue
526,Foster Road,Corridor
527,Weidler Street,7th Avenue
528,Interstate Avenue,Wheeler Avenue
529,Going Street,36th Avenue
530,3rd Avenue,Burnside Street
531,Killingsworth Street,Minnesota Avenue
532,Couch Street,Cesar E
533,Clay Street,Naito Parkway
534,Going Street,Garfield Avenue
535,Alberta Street,55th Avenue
536,2nd Avenue,Burnside Street
537,Davis Street,2nd Avenue
538,Gladstone Street,22nd Avenue
539,Salmon Street,8th Avenue
540,Martin Luther,Ainsworth Street
541,82nd Avenue,Insley Street
542,Vermont Street,Idaho Terrace
543,20th Avenue,Hawthorne Boulevard
544,82nd Avenue,Boise Street
545,46th Avenue,Knight Street
546,7th Avenue,Holladay Street
547,Lincoln Street,30th Avenue
548,Francis Street,42nd Avenue
549,Powell Boulevard,115th Avenue
550,17th Avenue,Broadway
551,Salmon Street,20th Avenue
552,Fremont Street,122nd Avenue
553,Vermont Street,Capitol Highway
554,Hawthorne Boulevard,34th Avenue
555,7th Avenue,Dolph Street
556,Division Street,96th Drive
557,Bond Avenue,Gaines Street
558,Lombard Street,Montana Avenue
559,Burnside Street,Oak Street
560,Division Street,34th Avenue
561,Larrabee Avenue,Broadway
562,Lincoln Street,Cesar E
563,82nd Avenue,Taggart Street
564,26th Avenue,Ivon Street
565,Lombard Street,Stafford Street
566,86th Avenue,Foster Road
567,111th Avenue,Holgate Boulevard
568,Yamhill Street,88th Avenue
569,Everett Street,10th Avenue
570,Lombard Street,15th Avenue
571,Woodward Street,Cesar E
572,Madison Street,3rd Avenue
573,Clinton Street,16th Avenue
574,Lincoln Street,30th Avenue
575,80th Avenue,Burnside Street
576,Powell Boulevard,10th Avenue
577,Hancock Street,16th Avenue
578,Schmeer Road,Whitaker Road
579,Powell Boulevard,111th Avenue
580,Yamhill Street,38th Avenue
581,Moody Avenue,River Parkway
582,4th Avenue,Stark Street
583,Killingsworth Street,34th Avenue
584,Hoyt Street,19th Avenue
585,Couch Street,17th Avenue
586,Vancouver Avenue,Graham Street
587,Tillamook Street,43rd Avenue
588,Rosa Parks,Willamette Boulevard
589,Vancouver Avenue,Knott Street
590,Division Street,105th Avenue
591,Couch Street,15th Avenue
592,Skidmore Street,Garfield Avenue
593,Burnside Street,9th Avenue
594,Richmond Avenue,Lombard Street
595,Willamette Boulevard,Bryant Street
596,Sandy Boulevard,35th Avenue
597,17th Avenue,Everett Street
598,10th Avenue,Hawthorne Boulevard
599,Madison Street,Broadway
600,Morrison Street,9th Avenue
601,Couch Street,Broadway
602,Hawthorne Boulevard,6th Avenue
603,Main Street,2nd Avenue
604,Morrison Street,20th Avenue
605,Vancouver Avenue,Graham Street
606,Barbur Boulevard,Capitol Hill
607,50th Avenue,Madison Street
608,Powell Boulevard,74th Avenue
609,Couch Street,Broadway
610,72nd Avenue,Ramona Street
611,Cully Boulevard,Prescott Street
612,Interstate Avenue,Interstate Place
613,Holgate Boulevard,37th Avenue
614,Broadway,Vancouver Avenue
615,15th Avenue,14th Avenue
616,Harding Avenue,Interstate Avenue
617,Canyon Court,61st Drive
618,Broadway,Oak Street
619,Yamhill Street,69th Avenue
620,96th Avenue,Washington Street
621,6th Avenue,Terwilliger Boulevard
622,1st Avenue,Bridge
623,Wasco Street,82nd Avenue
624,Woodstock Boulevard,86th Avenue
625,Division Street,90th Avenue
626,Tibbetts Street,26th Avenue
627,Broadway,22nd Avenue
628,Irving Street,12th Avenue
629,10; OR,Barbur Boulevard
630,Prescott Street,Cully Boulevard
631,Corridor,Holgate Boulevard
632,Division Street,34th Avenue
633,Barbur Boulevard,Terwilliger Boulevard
634,Broadway,1st Avenue
635,Flanders Street,Broadway
636,Failing Street,Martin Luther
637,Buffalo Street,Martin Luther
638,Clinton Street,52nd Avenue
639,Division Street,101st Avenue
640,Airport Way,Ainsworth Circle
641,McLoughlin Boulevard,17th Avenue
642,128th Avenue,Glisan Street
643,Belmont Street,49th Avenue
644,Station Way,Lovejoy Street
645,Cleveland Avenue,Bryant Street
646,92nd Avenue,Flavel Street
647,Taylors Ferry,Terwilliger Boulevard
648,Taylor Street,Cesar E
649,Morrison Street,7th Avenue
650,Powell Boulevard,74th Avenue
651,Woods Street,Barbur Boulevard
652,Foster Road,74th Avenue
653,Milwaukie Avenue,Franklin Street
654,62nd Avenue,Broadway
655,Halsey Street,53rd Avenue
656,Killingsworth Street,75th Avenue
657,Yamhill Street,Water Avenue
658,Killingsworth Street,33rd Avenue
659,Rose Garden,Wright Avenue
660,82nd Avenue,Division Street
661,Hancock Street,82nd Avenue
662,Powell Boulevard,77th Avenue
663,86th Avenue,Powell Boulevard
664,122nd Avenue,120th Avenue
665,Stark Street,30th Avenue
666,29th Avenue,Yamhill Street
667,Thompson Street,50th Avenue
668,Lombard Street,Vancouver Avenue
669,122nd Avenue,122nd Avenue
670,69th Avenue,Garden Home
671,Broadway,Alder Street
672,Lombard Street,Interstate Avenue
673,Mitchell Street,82nd Avenue
674,148th Avenue,148th Avenue
675,Stark Street,90th Avenue
676,Alder Street,6th Avenue
677,Broadway,Burnside Street
678,Knott Street,7th Avenue
679,105th Avenue,Alderwood Road
680,Fremont Street,Cleveland Avenue
681,Division Street,92nd Avenue
682,Raymond Street,64th Avenue
683,45th Avenue,Multnomah Boulevard
684,77th Avenue,Foster Road
685,Broadway,7th Avenue
686,Vermont Street,Capitol Highway
687,Harney Street,74th Avenue
688,Foster Road,71st Avenue
689,Killingsworth Street,Sandy Boulevard
690,Hawthorne Boulevard,32nd Place
691,Milwaukie Avenue,Glenwood Street
692,Killingsworth Street,42nd Avenue
693,Powell Boulevard,162nd Avenue
694,Barbur Boulevard,Bertha Boulevard
695,Dosch Road,Flower Terrace
696,120th Avenue,122nd Avenue
697,McClellan Street,Brandon Avenue
698,Columbia Street,5th Avenue
699,Multnomah Street,7th Avenue
700,Stark Street,Grand Avenue
701,2nd Avenue,Burnside Street
702,Couch Street,Grand Avenue
703,Sumner Street,24th Avenue
704,Broadway,1st Avenue
705,6th Avenue,Terwilliger Boulevard
706,Knott Street,Interstate Avenue
707,Division Street,158th Avenue
708,11th Avenue,Hawthorne Boulevard
709,Dekum Street,Grand Avenue
710,Columbia Street,4th Avenue
711,36th Avenue,Tillamook Street
712,Interstate Avenue,Greeley Avenue
713,Couch Street,10th Avenue
714,Stark Street,102nd Avenue
715,23rd Avenue,Salmon Street
716,47th Avenue,Multnomah Street
717,Martin Luther,Gultch Corridor
718,15th Avenue,Prescott Street
719,Powell Boulevard,70th Avenue
720,Yamhill Street,Naito Parkway
721,Salmon Street,8th Avenue
722,Multnomah Street,Wheeler Avenue
723,Foster Road,101st Avenue
724,Everett Street,9th Avenue
725,Going Street,8th Avenue
726,86th Avenue,Bush Street
727,Greeley Avenue,Rosa Parks
728,Benton Avenue,Broadway
729,Vermont Street,Capitol Highway
730,Broadway,1st Avenue
731,Madison Street,2nd Avenue
732,Hawthorne Boulevard,16th Avenue
733,7th Avenue,Belmont Street
734,Overton Street,15th Avenue
735,Columbia Boulevard,Vancouver Avenue
736,Couch Street,Broadway
737,Glisan Street,80th Avenue
738,Steele Street,Cesar E
739,Lombard Street,15th Avenue
740,7th Avenue,Morrison Street
741,Vancouver Avenue,Graham Street
742,60th Avenue,H. Banfield
743,Pittsburg Avenue,Portland Willamette
744,Hancock Street,53rd Avenue
745,Powell Boulevard,26th Avenue
746,Prescott Street,115th Avenue
747,11th Avenue,Hawthorne Boulevard
748,Killingsworth Street,Commercial Avenue
749,Madison Street,2nd Avenue
750,Victoria Avenue,Broadway
751,Flanders Street,19th Avenue
752,Peninsular Avenue,Trenton Street
753,Foster Road,131st Avenue
754,Shaver Street,122nd Avenue
755,Madison Street,11th Avenue
756,Division Street,168th Avenue
757,Broadway,26th Avenue
758,Alberta Street,Martin Luther
759,Ankeny Street,18th Avenue
760,Taylor Street,11th Avenue
761,Vancouver Avenue,Knott Street
762,Insley Street,72nd Avenue
763,12th Avenue,Sherman Street
764,92nd Avenue,Harold Street
765,Tibbetts Street,38th Avenue
766,Burnside Street,King Avenue
767,162nd Avenue,Stark Street
768,Salmon Street,7th Avenue
769,100th Avenue,Halsey Street
770,Division Street,137th Avenue
771,Division Street,31st Avenue
772,Jefferson Street,Naito Parkway
773,Sherman Street,32nd Avenue
774,Oak Street,Broadway
775,Salmon Street,14th Avenue
776,Highland Parkway,Upland Drive
777,Rosa Parks,Mississippi Avenue
778,6th Avenue,Morrison Street
779,Rodney Avenue,Graham Street
780,Commercial Avenue,Alberta Street
781,Fremont Street,Vancouver Avenue
782,Woodstock Boulevard,49th Avenue
783,Burnside Street,Grand Avenue
784,Fremont Street,Rodney Avenue
785,Holgate Boulevard,52nd Avenue
786,Grand Avenue,Pacific Street
787,Weidler Street,Victoria Avenue
788,Burnside Street,81st Avenue
789,Going Street,Cleveland Avenue
790,7th Avenue,Hawthorne Boulevard
791,Burnside Street,Saint Clair
792,Washington Street,9th Avenue
793,Glisan Street,111th Avenue
794,Ivanhoe Street,John Avenue
795,Hoyt Street,Broadway
796,Clay Street,2nd Avenue
797,7th Avenue,Hawthorne Boulevard
798,Broadway,7th Avenue
799,Wygant Street,Cully Boulevard
800,Market Street,4th Avenue
801,Williams Avenue,Broadway
802,Fremont Street,Rodney Avenue
803,Fremont Street,122nd Avenue
804,Belmont Street,43rd Avenue
805,Everett Street,Broadway
806,Skidmore Street,Interstate Avenue
807,Wall Avenue,Lombard Street
808,Burlingame Avenue,Capitol Highway
809,Prescott Street,80th Avenue
810,Johnson Creek,Corridor
811,Foster Road,83rd Avenue
812,Prescott Street,102nd Avenue
813,Knott Street,Martin Luther
814,Thompson Street,40th Avenue
815,Couch Street,12th Avenue
816,Division Street,Corridor
817,Johnson Street,16th Avenue
818,Thompson Street,Interstate Avenue
819,Cesar E,Laddington Court
820,Prescott Street,9th Avenue
821,Argyle Street,Brandon Avenue
822,Lincoln Street,30th Avenue
823,Holgate Boulevard,83rd Avenue
824,Tenino Street,Tacoma Street
825,9th Avenue,Irving Street
826,Everett Street,5th Avenue
827,Irving Street,16th Avenue
828,52nd Avenue,Clinton Street
829,Yamhill Street,1st Avenue
830,Yamhill Street,Grand Avenue
831,Lombard Street,Vancouver Avenue
832,Terwilliger Boulevard,Condor Lane
833,82nd Avenue,Oregon Street
834,17th Avenue,Everett Street
835,Barbur Boulevard,Miles Street
836,Salmon Street,18th Avenue
837,Naito Parkway,Harrison Street
838,Beaverton Hillsdale,21st Avenue
839,Jefferson Street,16th Avenue
840,102nd Avenue,Thompson Street
841,42nd Avenue,Cora Street
842,8th Avenue,Belmont Street
843,28th Place,Powell Boulevard
844,Multnomah Street,24th Avenue
845,Pine Street,32nd Avenue
846,Killingsworth Street,30th Avenue
847,Glisan Street,Broadway
848,Everett Street,19th Avenue
849,Flavel Drive,Lambert Street
850,17th Avenue,Yamhill Street
851,Hawthorne Boulevard,11th Avenue
852,Holladay Street,82nd Avenue
853,Ivon Street,22nd Avenue
854,Taylor Street,6th Avenue
855,Fairview Boulevard,Skyline Boulevard
856,Stark Street,148th Avenue
857,Broadway,Wheeler Avenue
858,Broadway,Wheeler Avenue
859,Burnside Street,Couch Street
860,Martin Luther,Stark Street
861,Clinton Street,50th Avenue
862,12th Avenue,Beech Street
863,Division Street,112th Avenue
864,Glisan Street,76th Avenue
865,Harrison Street,1st Avenue
866,Multnomah Street,Grand Avenue
867,Hawthorne Boulevard,19th Avenue
868,Glisan Street,205 Corridor
869,Powell Boulevard,170th Avenue
870,136th Avenue,Powell Boulevard
871,Madison Street,3rd Avenue
872,Alameda Street,56th Avenue
873,Stark Street,7th Avenue
874,11th Avenue,Hawthorne Boulevard
875,8th Avenue,Division Street
876,17th Avenue,Ochoco Street
877,Vermont Street,Capitol Highway
878,Skidmore Street,Williams Avenue
879,Capitol Highway,Beaverton Hillsdale
880,Mill Street,143rd Avenue
881,Clinton Street,31st Avenue
882,Powell Boulevard,40th Avenue
883,21st Avenue,Woodward Street
884,Flavel Street,72nd Avenue
885,99th Avenue,99th Avenue
886,Monroe Street,Williams Avenue
887,Barbur Boulevard,Lowell Street
888,Madison Street,3rd Avenue
889,Boones Ferry,Colony Drive
890,33rd Avenue,Oak Street
891,Hawthorne Boulevard,38th Avenue
892,Irving Street,16th Avenue
893,Everett Street,16th Avenue
894,3rd Avenue,Bridge
895,Madison Street,1st Avenue
896,Burnside Street,160th Avenue
897,Killingsworth Street,Cully Boulevard
898,82nd Avenue,Division Street
899,Glisan Street,Broadway
900,6th Avenue,Taylor Street
901,Cherry Blossom,Market Street
902,Glisan Street,205 Corridor
903,Woods Street,Barbur Boulevard
904,Market Street,Naito Parkway
905,Harold Street,Corridor
906,Vancouver Avenue,Fremont Street
907,Overton Street,15th Avenue
908,Stark Street,126th Avenue
909,72nd Avenue,Powell Boulevard
910,82nd Avenue,Holgate Boulevard
911,Powell Boulevard,10th Avenue
912,Broadway,Martin Luther
913,Main Street,2nd Avenue
914,Kearney Street,18th Avenue
915,Martin Luther,Ainsworth Street
916,Broadway,Everett Street
917,Capitol Highway,Beaverton Hillsdale
918,Interstate Avenue,Farragut Street
919,Harney Drive,45th Avenue
920,Fremont Street,Sandy Boulevard
921,47th Avenue,Davis Street
922,Skidmore Street,Overlook Boulevard
923,65th Avenue,Knight Street
924,Martin Luther,Market Street
925,Failing Street,82nd Avenue
926,Knott Street,9th Avenue
927,Broadway,28th Avenue
928,Multnomah Street,13th Avenue
929,Weidler Street,21st Avenue
930,Terwilliger Boulevard,6th Avenue
931,Vermont Street,Capitol Highway
932,Yamhill Street,15th Avenue
933,82nd Avenue,Ellis Street
934,Milwaukie Avenue,Glenwood Street
935,Division Street,23rd Avenue
936,Prescott Street,95th Avenue
937,122nd Avenue,Shaver Street
938,Lombard Street,Interstate Avenue
939,Stark Street,2nd Avenue
940,Broadway,Ross Avenue
941,Foster Road,80th Avenue
942,Beaverton Hillsdale,21st Avenue
943,Fremont Street,65th Avenue
944,Couch Street,Grand Avenue
945,Woodstock Boulevard,52nd Avenue
946,Broadway,Martin Luther
947,Barbur Boulevard,Multnomah Boulevard
948,Fargo Street,Williams Avenue
949,Sandy Boulevard,54th Avenue
950,84th Avenue,Washington Street
951,Kingston Avenue,Fairview Boulevard
952,122nd Avenue,San Rafael
953,82nd Avenue,Division Street
954,Glisan Street,205 Corridor
955,Mill Street,148th Avenue
956,Holgate Boulevard,82nd Avenue
957,7th Avenue,Alder Street
958,Alder Street,Martin Luther
959,86th Avenue,Bush Street
960,70th Avenue,Foster Road
961,Hawthorne Boulevard,Grand Avenue
962,Powell Boulevard,145th Avenue
963,Couch Street,Grand Avenue
964,15th Avenue,Stanton Street
965,Broadway,63rd Avenue
966,9th Avenue,Lloyd Boulevard
967,57th Avenue,Flanders Street
968,Park Place,Saint Clair
969,68th Avenue,Railroad Street
970,122nd Avenue,Glisan Street
971,37th Avenue,Prescott Street
972,14th Avenue,Alder Street
973,8th Avenue,Umatilla Street
974,Prescott Street,97th Avenue
975,Cully Boulevard,Prescott Street
976,Denver Avenue,Emerson Street
977,Main Street,11th Avenue
978,Hoyt Street,Broadway
979,Willamette Boulevard,Haven Avenue
980,Marshall Street,12th Avenue
981,Broadway,1st Avenue
982,Interstate Avenue,Prescott Street
983,Pittsburg Avenue,Portland Willamette
984,Weidler Street,14th Avenue
985,69th Avenue,Garden Home
986,Vaughn Street,27th Avenue
987,Everett Street,12th Avenue
988,Thurman Street,21st Avenue
989,Lombard Street,Denver Avenue
990,Willamette Boulevard,Interstate Avenue
991,Hoyt Street,6th Avenue
992,Barbur Boulevard,Taylors Ferry
993,Vermont Street,Capitol Highway
994,29th Avenue,Industrial Street
995,Capitol Highway,Terwilliger Boulevard
996,Lombard Street,Interstate Avenue
997,28th Avenue,Powell Boulevard
998,Garfield Avenue,Skidmore Street
999,7th Avenue,Hawthorne Boulevard
1000,Hayden Island,Pavilion Avenue
1001,Skidmore Street,Interstate Avenue
1002,6th Avenue,Terwilliger Boulevard
1003,21st Avenue,Siskiyou Street
1004,7th Avenue,Morrison Street
1005,Going Street,33rd Avenue
1006,Capitol Highway,Huber Street
1007,28th Avenue,Couch Street
1008,6th Avenue,Burnside Street
1009,13th Avenue,Jefferson Street
1010,Killingsworth Street,Kerby Avenue
1011,Holgate Boulevard,116th Avenue
1012,Madison Street,3rd Avenue
1013,Going Street,24th Avenue
1014,122nd Avenue,Siskiyou Street
1015,Martin Luther,Ainsworth Street
1016,Cook Street,Williams Avenue
1017,Alberta Street,Interstate Avenue
1018,Burnside Street,29th Avenue
1019,2nd Avenue,Bridge
1020,Cook Street,Williams Avenue
1021,Hooker Street,Barbur Boulevard
1022,Barbur Boulevard,Troy Street
1023,Columbia Boulevard,13th Avenue
1024,Division Street,141st Avenue
1025,Idaho Street,Capitol Highway
1026,Stephens Street,7th Avenue
1027,Wilson Street,21st Avenue
1028,Capitol Highway,Nebraska Street
1029,Wheeler Avenue,Wheeler Avenue
1030,122nd Avenue,Oregon Street
1031,Stark Street,Memorial Highway
1032,82nd Avenue,Franklin Street
1033,Corbett Avenue,Richardson Street
1034,Lombard Street,Bruce Avenue
1035,Lombard Street,Denver Avenue
1036,Barbur Boulevard,Barbur Court
1037,Lombard Street,Bruce Avenue
1038,Columbia Boulevard,Portsmouth Avenue
1039,Northrup Street,14th Avenue
1040,Harrison Street,5th Avenue
1041,Broadway,32nd Avenue
1042,Burnside Street,6th Avenue
1043,Prescott Street,Cully Boulevard
1044,Duke Street,72nd Avenue
1045,Martin Luther,Webster Street
1046,Capitol Highway,Sunset Boulevard
1047,6th Avenue,Pine Street
1048,Capitol Highway,Bertha Court
1049,Cook Street,Williams Avenue
1050,Franklin Street,Cesar E
1051,Pine Street,11th Avenue
1052,Stark Street,122nd Avenue
1053,Milwaukie Avenue,Bybee Boulevard
1054,Burnside Street,9th Avenue
1055,Hawthorne Boulevard,33rd Avenue
1056,Northrup Street,22nd Avenue
1057,9th Avenue,Madison Street
1058,Davis Street,4th Avenue
1059,Duke Street,67th Avenue
1060,7th Avenue,Alder Street
1061,Hawthorne Boulevard,Grand Avenue
1062,Emerson Street,Court
1063,60th Avenue,Division Street
1064,Burnside Street,Cesar E
1065,Knott Street,7th Avenue
1066,Madison Street,12th Avenue
1067,Division Street,84th Avenue
1068,Woodstock Boulevard,91st Avenue
1069,122nd Avenue,Glisan Street
1070,Bybee Boulevard,19th Avenue
1071,6th Avenue,Broadway
1072,90th Avenue,Burnside Street
1073,Jessup Street,Atlantic Avenue
1074,Chautauqua Boulevard,Lombard Street
1075,Burnside Street,147th Avenue
1076,Germantown Road,Lilac Avenue
1077,Martin Luther,Hoyt Street
1078,17th Avenue,Mitchell Street
1079,Willamette Boulevard,Woolsey Avenue
1080,Foster Road,52nd Avenue
1081,Weidler Street,Halsey Street
1082,San Rafael,134th Place
1083,Flint Avenue,Hancock Street
1084,3rd Avenue,Hawthorne Boulevard
